"id","location","picture","attribution_name","attribution_url","title","body"
1,"Atlanta, GA","http://farm2.static.flickr.com/1102/1085012167_799aea40d5_z.jpg","debaird","http://www.flickr.com/photos/debaird/1085012167/","Aliquam imperdiet tellus","Aliquam imperdiet tellus posuere justo vehicula sed vestibulum ante tristique. Fusce feugiat faucibus purus nec molestie. Nulla tempor neque id magna iaculis quis sollicitudin eros semper. Praesent viverra sagittis luctus. Morbi sit amet magna sed odio gravida varius. Ut nisi libero, vulputate feugiat pretium tempus, egestas sit amet justo. Pellentesque consequat tempor nisi in lobortis. Sed fermentum convallis dui ac sollicitudin. Integer auctor augue eget tellus tempus fringilla. Proin nec dolor sapien, nec tristique nibh. Aliquam a velit at mi mattis aliquet."
2,"Atlanta, GA","http://farm3.static.flickr.com/2066/2102755866_43c9861d1d_z.jpg","Ron Reiring","http://www.flickr.com/photos/84263554@N00/2102755866/","Aliquam lorem eros","Aliquam lorem eros, pharetra nec egestas vitae, mattis nec risus. Mauris arcu massa, sodales eget gravida sed, viverra vitae turpis. Ut ligula urna, euismod ac tincidunt eu, faucibus sed felis. Praesent mollis, ipsum quis rhoncus dignissim, odio sem venenatis nulla, at consequat felis augue vel erat. Nam fermentum feugiat volutpat. Class aptent taciti sociosqu ad litora torquent per conubia nostra, per inceptos himenaeos. Etiam vitae dui in nisi adipiscing ultricies non eu justo. Donec tristique ultricies adipiscing. Nulla sodales, nunc a tristique elementum, erat neque egestas nisl, at hendrerit orci sapien sed libero. Vivamus a mauris turpis, quis laoreet ipsum. Nunc nec mi et nisl pellentesque scelerisque. Vivamus volutpat, justo tristique lacinia condimentum, erat justo ultrices urna, elementum viverra eros augue non libero. Sed mollis mollis arcu, at fermentum diam suscipit quis."
3,"New York, NY","http://farm3.static.flickr.com/2575/3739891136_63abfe4a10_z.jpg?zz=1","vonSchnauzer","http://www.flickr.com/photos/vonschnauzer/3739891136/","Cras consectetur ante","Cras consectetur ante eu turpis placerat sollicitudin. Mauris et lacus tortor, eget pharetra velit. Donec accumsan ultrices tempor. Donec at nibh a elit condimentum dapibus. Integer sit amet vulputate ante. Suspendisse potenti. In sodales laoreet massa vitae lacinia. Morbi vel lacus feugiat arcu vulputate molestie. Aliquam massa magna, ullamcorper accumsan gravida quis, rhoncus pulvinar nulla. Praesent sit amet ipsum diam, sit amet lacinia neque. In et sapien augue. Etiam enim elit, ultrices vel rutrum id, scelerisque non enim."
4,"New York, NY","http://farm2.static.flickr.com/1234/775133154_83457c8e1e_z.jpg","Angelo Juan Ramos","http://www.flickr.com/photos/wandering_angel/775133154/","Curabitur sapien lorem","Curabitur sapien lorem, mollis ut accumsan non, ultricies et metus. Curabitur vel lorem quis sapien fringilla laoreet. Morbi id urna ac orci elementum blandit eget volutpat neque. Pellentesque sem odio, iaculis eu pharetra vitae, cursus in quam. Nulla molestie ligula id massa luctus et pulvinar nisi pulvinar. Nunc fermentum augue a lacus fringilla rhoncus porttitor erat dictum. Nunc sit amet tellus et dui viverra auctor euismod at nisl. In sed congue magna. Proin et tortor ut augue placerat dignissim a eu justo. Morbi porttitor porta lobortis. Pellentesque nibh lacus, adipiscing ut tristique quis, consequat vitae velit. Maecenas ut luctus libero. Vivamus auctor odio et erat semper sagittis. Vivamus interdum velit in risus mattis quis dictum ante rhoncus. In sagittis porttitor eros, at lobortis metus ultrices vel. Curabitur non aliquam nisl. Vestibulum luctus feugiat suscipit. Etiam non lacus vel nulla egestas iaculis id quis risus."
5,"New York, NY","http://farm1.static.flickr.com/12/96724309_985b8acd3f_z.jpg?zz=1","Mo Riza","http://www.flickr.com/photos/moriza/96724309/","Curabitur scelerisque","Curabitur scelerisque eros quis nisl viverra vel ultrices velit vestibulum. Sed lobortis pulvinar sapien ac venenatis. Sed ante nibh, rhoncus eget dictum in, mollis ut nisi. Phasellus facilisis mi non lorem tristique non eleifend sem fringilla. Integer ut augue est. In venenatis tincidunt scelerisque. Etiam ante dui, posuere quis malesuada vitae, malesuada a arcu. Aenean faucibus venenatis sapien, ut facilisis nisi blandit vel. Aenean ac lorem eu sem fermentum placerat. Proin neque purus, aliquet ut tincidunt ut, convallis sit amet eros. Phasellus vehicula ullamcorper enim non vehicula. Etiam porta odio ut ipsum adipiscing egestas id a odio. Pellentesque blandit, sapien ut pulvinar interdum, mi nulla hendrerit elit, in tempor diam enim a urna. In tellus odio, ornare sed condimentum a, mattis eu augue."
6,"New York, NY","http://farm1.static.flickr.com/109/308483890_840fc68b94_z.jpg?zz=1","Mo Riza","http://www.flickr.com/photos/moriza/308483890/","Curabitur velit arcu","Curabitur velit arcu, pretium porta placerat quis, varius ut metus. Vestibulum vulputate tincidunt justo, vitae porttitor lectus imperdiet sit amet. Vivamus enim dolor, sollicitudin ut semper non, ornare ornare dui. Aliquam tempor fermentum sapien eget condimentum. Curabitur laoreet bibendum ante, in euismod lacus lacinia eu. Pellentesque habitant morbi tristique senectus et netus et malesuada fames ac turpis egestas. Suspendisse potenti. Sed at libero eu tortor tempus scelerisque. Nulla facilisi. Nullam vitae neque id justo viverra rhoncus pretium at libero. Etiam est urna, aliquam vel pulvinar non, ornare vel purus."
7,"Seattle, WA","http://farm3.static.flickr.com/2212/2334158869_6485cfe80d_z.jpg","Taiyo FUJII","http://www.flickr.com/photos/t_trace/2334158869/","Donec mi enim, laoreet","Donec mi enim, laoreet pulvinar mollis eu, malesuada viverra nunc. In vitae metus vitae neque tempor dapibus. Maecenas tincidunt purus a felis aliquam placerat. Nulla facilisi. Suspendisse placerat pharetra mattis. Integer tempor malesuada justo at tempus. Maecenas vehicula lorem a sapien bibendum vel iaculis risus feugiat. Pellentesque diam erat, dapibus et pellentesque quis, molestie ut massa. Vivamus iaculis interdum massa id bibendum. Quisque ut mauris dui, sit amet varius elit. Vestibulum elit lorem, rutrum non consectetur ut, laoreet nec nunc. Donec nec mauris ante. Curabitur ut est sed odio pharetra laoreet. Lorem ipsum dolor sit amet, consectetur adipiscing elit. Curabitur purus risus, laoreet sed porta id, sagittis vel ipsum. Maecenas nibh diam, cursus et varius sit amet, fringilla sed magna. Nullam id neque eu leo faucibus mollis. Duis nec adipiscing mauris. Suspendisse sollicitudin, enim eu pulvinar commodo, erat augue ultrices mi, a tristique magna sem non libero."
8,"Seattle, WA","http://farm4.static.flickr.com/3038/3097689939_cd4f2a107f_z.jpg?zz=1","Seattle Municipal Archives","http://www.flickr.com/photos/dodda/3697601042/","Donec nec nulla urna","Donec nec nulla urna, ac sagittis lectus. Suspendisse non elit sed mi auctor facilisis vitae et lectus. Fusce ac vulputate mauris. Morbi condimentum ultrices metus, et accumsan purus malesuada at. Maecenas lobortis ante sed massa dictum vitae venenatis elit commodo. Proin tellus eros, adipiscing sed dignissim vitae, tempor eget ante. Aenean id tellus nec magna cursus pharetra vitae vel enim. Morbi vestibulum pharetra est in vulputate. Aliquam vitae metus arcu, id aliquet nulla. Phasellus ligula est, hendrerit nec iaculis ut, volutpat vel eros. Suspendisse vitae urna turpis, placerat adipiscing diam. Phasellus feugiat vestibulum neque eu dapibus. Nulla facilisi. Duis tortor felis, euismod sit amet aliquet in, volutpat nec turpis. Mauris rhoncus ipsum ut purus eleifend ut lobortis lectus dapibus. Quisque non erat lorem. Vivamus posuere imperdiet iaculis. Ut ligula lacus, eleifend at tempor id, auctor eu leo."
9,"Seattle, WA","http://farm3.static.flickr.com/2579/3697601042_cbfaeb2584_z.jpg?zz=1","Pablo Dodda","http://www.flickr.com/photos/dodda/3697601042/","Donec vitae pretium","Donec vitae pretium nibh. Maecenas bibendum bibendum diam in placerat. Ut accumsan, mi vitae vestibulum euismod, nunc justo vulputate nisi, non placerat mi urna et diam. Maecenas malesuada lorem ut arcu mattis mollis. Nulla facilisi. Donec est leo, bibendum eu pulvinar in, cursus vel metus. Aliquam erat volutpat. Nullam feugiat porttitor neque in vulputate. Quisque nec mi eu magna consequat cursus non at arcu. Etiam risus metus, sollicitudin et ultrices at, tincidunt sed nunc. Sed eget scelerisque augue. Ut fringilla venenatis sem non eleifend. Nunc mattis, risus sit amet vulputate varius, risus justo egestas mauris, id interdum odio ipsum et nisl. Lorem ipsum dolor sit amet, consectetur adipiscing elit. Morbi id erat odio, nec pulvinar enim."
10,"Austin, TX","http://farm6.static.flickr.com/5081/5331742647_96b26582fe_z.jpg","mtwong26","http://www.flickr.com/photos/mtwong26/5331742647/","Duis prtium ultrices","Duis prtium ultrices mattis. Nam euismod risus a erat lacinia bibendum. Morbi massa tortor, consectetur id eleifend id, pellentesque vel tortor. Praesent urna lorem, porttitor at condimentum vitae, luctus eget elit. Maecenas fringilla quam convallis est hendrerit viverra. Etiam vehicula, sapien non pulvinar adipiscing, nisi massa vestibulum est, id interdum mauris velit eu est. Vestibulum est arcu, facilisis at ultricies non, vulputate id sapien. Vestibulum ipsum metus, pharetra nec pellentesque id, facilisis id sapien. Donec rutrum odio et lacus ultricies ullamcorper. Integer sed est ut mi posuere tincidunt quis non leo. Morbi tellus justo, ultricies sit amet ultrices quis, facilisis vitae magna. Donec ligula metus, pellentesque non tristique ac, vestibulum sed erat. Aliquam erat volutpat."
11,"Austin, TX","http://farm4.static.flickr.com/3585/3342739855_53a3a2009f_z.jpg","Derek Key","http://www.flickr.com/photos/derekskey/3342739855/","Duis suscipit pellentesque","Duis suscipit pellentesque pellentesque. Praesent porta lobortis cursus. Quisque sagittis velit non tellus bibendum at sollicitudin lacus aliquet. Sed nibh risus, blandit a aliquet eget, vehicula et est. Suspendisse facilisis bibendum aliquam. Fusce consectetur convallis erat, eget mollis diam fermentum sollicitudin. Quisque tincidunt porttitor pretium. Nullam id nisl et urna vulputate dapibus. Donec quis lorem urna. Quisque id justo nec nunc blandit convallis. Nunc volutpat, massa sollicitudin adipiscing vestibulum, massa urna congue lectus, sit amet ultricies augue orci convallis turpis. Nulla at lorem elit. Nunc tristique, quam facilisis commodo porttitor, lacus ligula accumsan nisi, et laoreet justo ante vitae eros. Curabitur sed augue arcu. Phasellus porttitor vestibulum felis, ut consectetur arcu tempor non. In justo risus, semper et suscipit id, ullamcorper at urna. Quisque tincidunt, urna nec aliquam tristique, nibh odio faucibus augue, in ornare enim turpis accumsan dolor. Pellentesque habitant morbi tristique senectus et netus et malesuada fames ac turpis egestas. Suspendisse sodales varius turpis eu fermentum."
12,"Chicago, IL","http://farm6.static.flickr.com/5124/5222648744_be23541fa7_z.jpg","Amie Fedora","http://www.flickr.com/photos/amiefedora/5222648744/","Fusce hendrerit ","Fusce hendrerit porttitor euismod. Donec malesuada egestas turpis, et ultricies felis elementum vitae. Nullam in sem nibh. Nullam ultricies hendrerit justo sit amet lobortis. Sed tincidunt, mauris at ornare laoreet, sapien purus elementum elit, nec porttitor nisl purus et erat. Donec felis nisi, rutrum ullamcorper gravida ac, tincidunt sit amet urna. Proin vel justo vitae eros sagittis bibendum a ut nibh. Phasellus sodales laoreet tincidunt. Maecenas odio massa, condimentum id aliquet ut, rhoncus vel lectus. Duis pharetra consectetur sapien. Phasellus posuere ultricies massa, non rhoncus risus aliquam tempus."
13,"Chicago, IL","http://farm2.static.flickr.com/1212/5153661766_72ccd1b8e7_z.jpg","Antonio Bovino","http://www.flickr.com/photos/antoniobovinophotography/5153661766/in/photostream/","In a magna nisi","In a magna nisi, a ultricies massa. Donec elit neque, viverra non tempor quis, fringilla in metus. Integer odio odio, euismod vitae mollis sed, sodales eget libero. Donec nec massa in felis ornare pharetra at nec tellus. Nunc lorem dolor, pretium vel auctor in, volutpat vitae felis. Maecenas rhoncus, orci vel blandit euismod, turpis erat tincidunt ante, elementum adipiscing nisl urna in nisi. Phasellus sagittis, enim sed accumsan consequat, urna augue lobortis erat, non malesuada quam metus sollicitudin ante. In leo purus, dignissim quis varius vel, pellentesque et nibh. In sed tortor iaculis libero mollis pellentesque id vitae lectus. In hac habitasse platea dictumst. Phasellus mauris enim, posuere eget luctus ac, iaculis et quam. Vivamus et nibh diam, elementum egestas tellus. Aenean vulputate malesuada est. Sed posuere porta diam a sodales. Proin eu sem non velit facilisis venenatis sed a turpis."
14,"Chicago, IL","http://farm4.static.flickr.com/3557/3344577651_84a6acc3e1_z.jpg","Josh Hallett","http://www.flickr.com/photos/hyku/3344577651/in/photostream/","In et dolor vitae ","In et dolor vitae orci adipiscing congue. Aliquam gravida nibh at nisl gravida molestie. Curabitur a bibendum sapien. Aliquam tincidunt, nulla nec pretium lobortis, odio augue tincidunt arcu, a lobortis odio sem ut purus. Donec accumsan mattis nunc vitae lacinia. Suspendisse potenti. Integer commodo nisl quis nibh interdum non fringilla dui sodales. Class aptent taciti sociosqu ad litora torquent per conubia nostra, per inceptos himenaeos. In hac habitasse platea dictumst. Etiam ullamcorper, mi id feugiat bibendum, purus neque cursus mauris, id sodales quam nisi id velit. Sed lectus leo, tincidunt vel rhoncus imperdiet, blandit in leo. Integer quis magna nulla. Donec vel nisl magna, ut rhoncus dui. Aliquam gravida, nulla nec eleifend luctus, neque nibh pharetra ante, quis egestas elit metus a mi. Nunc nec augue quam. Morbi tincidunt tristique varius. Suspendisse iaculis elit feugiat magna pellentesque ultricies. Vestibulum aliquam tortor non ante ullamcorper fringilla. Donec iaculis mi quis mauris ornare vestibulum."
15,"Kansas City, MO","http://farm4.static.flickr.com/3125/3137960543_7ddfb95c68_z.jpg","Brian Johnson & Dane Kantner","http://www.flickr.com/photos/danebrian/3137960543/","In nec tempor risus","In nec tempor risus. In faucibus nisi eget diam dignissim consequat. Donec pulvinar ante nec enim mattis rutrum. Vestibulum leo augue, molestie nec dapibus in, dictum at enim. Integer aliquam, lorem eu vulputate lacinia, mi orci tempor enim, eget mattis ligula magna a magna. Praesent sed erat ut tortor interdum viverra. Lorem ipsum dolor sit amet, consectetur adipiscing elit. Nulla facilisi. Maecenas sit amet lectus lacus. Nunc vitae purus id ligula laoreet condimentum. Duis auctor tortor vel dui pulvinar a facilisis arcu dignissim. In hac habitasse platea dictumst. Donec sollicitudin pellentesque egestas. Sed sed sem justo. Maecenas laoreet hendrerit mauris, ut porttitor lorem iaculis ac. Quisque molestie sem quis lorem tempor rutrum. Phasellus nibh mauris, rhoncus in consectetur non, aliquet eu massa."
16,"Orlando, FL","http://farm2.static.flickr.com/1151/1307100918_795b9ad1fb_z.jpg","JadedDelilah","http://www.flickr.com/photos/jadeddelilah/1307100918/","In sed eros augue","In sed eros augue, non rutrum odio. Etiam vitae dui neque, in tristique massa. Vestibulum ante ipsum primis in faucibus orci luctus et ultrices posuere cubilia Curae; Maecenas dictum elit at lectus tempor non pharetra nisl hendrerit. Sed sed quam eu lectus ultrices malesuada tincidunt a est. Nam vel eros risus. Maecenas eros elit, blandit fermentum tempor eget, lobortis id diam. Vestibulum lacinia lacus vitae magna volutpat eu dignissim eros convallis. Vivamus ac velit tellus, a congue neque. Integer mi nulla, varius non luctus in, dictum sit amet sem. Ut laoreet, sapien sit amet scelerisque porta, purus sapien vestibulum nibh, sed luctus libero massa ac elit. Donec iaculis odio eget odio sagittis nec venenatis lorem blandit."
17,"Orlando, FL","http://farm3.static.flickr.com/2499/4141337436_f016d5d9a9_z.jpg","Amanda Da Silveira","http://www.flickr.com/photos/amanda3/4141337436/","In sed feugiat eros","In sed feugiat eros. Donec bibendum ullamcorper diam, eu faucibus mauris dictum sed. Duis tincidunt justo in neque accumsan dictum. Maecenas in rutrum sapien. Ut id feugiat lacus. Nulla facilisi. Nunc ac lorem id quam varius cursus a et elit. Aenean posuere libero eu tortor vehicula ut ullamcorper odio consequat. Sed in dignissim dui. Curabitur iaculis tempor quam nec placerat. Aliquam venenatis nibh et justo iaculis lacinia. Pellentesque habitant morbi tristique senectus et netus et malesuada fames ac turpis egestas. Lorem ipsum dolor sit amet, consectetur adipiscing elit. Pellentesque tempus magna sed mi aliquet eget varius odio congue."
18,"Indianapolis, ID","http://farm5.static.flickr.com/4064/4256204318_ff665b66a7_z.jpg","Siany Espinoza","http://www.flickr.com/photos/siany08/4256204318/","Maecenas ipsum neque","Maecenas ipsum neque, auctor quis lacinia vitae, euismod ac orci. Donec molestie massa consequat est porta ac porta purus tincidunt. Nam bibendum leo nec lacus mollis non condimentum dolor rhoncus. Nulla ac volutpat lorem. Nullam erat purus, convallis eget commodo id, varius quis augue. Nullam aliquam egestas mi, vel suscipit nisl mattis consequat. Quisque vel egestas sapien. Nunc lorem velit, convallis nec laoreet et, aliquet eget massa. Nam et nibh ac dui vehicula aliquam quis eu augue. Cras vel magna ut elit rhoncus interdum iaculis volutpat nisl. Suspendisse arcu lorem, varius rhoncus tempor id, pulvinar sed tortor. Pellentesque ultricies laoreet odio ac dignissim. Aliquam diam arcu, placerat quis egestas eget, facilisis eu nunc. Mauris vulputate, nisl sit amet mollis interdum, risus tortor ornare orci, sed egestas orci eros non diam. Vestibulum hendrerit, metus quis placerat pellentesque, enim purus faucibus dui, sit amet ultricies lectus ipsum id lorem. Class aptent taciti sociosqu ad litora torquent per conubia nostra, per inceptos himenaeos. Praesent eget diam odio, eu bibendum elit. In vestibulum orci eu erat tincidunt tristique."
19,"Albuquerque, NM","http://farm1.static.flickr.com/223/523695448_dd32dd624f_z.jpg","Jared Tarbell","http://www.flickr.com/photos/generated/523695448/","Mauris aliquet urna ","Mauris aliquet urna eget lectus adipiscing at congue turpis consequat. Vivamus tincidunt fermentum risus et feugiat. Nulla molestie ullamcorper nibh sed facilisis. Phasellus et cursus purus. Nam cursus, dui dictum ultrices viverra, erat risus varius elit, eu molestie dui eros quis quam. Aliquam et ante neque, ac consectetur dui. Donec condimentum erat id elit dictum sed accumsan leo sagittis. Proin consequat congue risus, vel tincidunt leo imperdiet eu. Vestibulum malesuada turpis eu metus imperdiet pretium. Aliquam condimentum ultrices nibh, eu semper enim eleifend a. Etiam condimentum nisl quam."
20,"San Jose, CA","http://farm4.static.flickr.com/3115/2769440972_f30d62f061_z.jpg","BWChicago","http://www.flickr.com/photos/bwchicago/2769440972/","Morbi ultricies diam","Morbi ultricies diam eget massa posuere lobortis. Aliquam volutpat pellentesque enim eu porttitor. Donec lacus felis, consectetur a pretium vitae, bibendum non enim. Pellentesque habitant morbi tristique senectus et netus et malesuada fames ac turpis egestas. Etiam ut nibh a quam pellentesque auctor ut id velit. Duis lacinia justo eget mi placerat bibendum. Cum sociis natoque penatibus et magnis dis parturient montes, nascetur ridiculus mus. Donec velit tortor, tempus nec tristique id, aliquet sit amet turpis. Praesent et neque nec magna porta fringilla. Morbi id egestas eros. Donec semper tincidunt ullamcorper. Phasellus tempus lacinia hendrerit. Quisque faucibus pretium neque non convallis. Nunc malesuada accumsan rhoncus. Cras lobortis, sem sed fringilla convallis, augue velit semper nisl, commodo varius nisi diam ac leo."
21,"Indianapolis, ID","http://farm4.static.flickr.com/3304/3498019507_90b3b14138_z.jpg","bnpositive","http://www.flickr.com/photos/bnpositive/3498019507/","Nam dignissim, nisl eget ","Nam dignissim, nisl eget consequat euismod, sem lectus auctor orci, ut porttitor lacus dui ac neque. In hac habitasse platea dictumst. Fusce egestas porta facilisis. In hac habitasse platea dictumst. Mauris cursus rhoncus risus ac euismod. Quisque vitae risus a tellus venenatis convallis. Curabitur laoreet sapien eu quam luctus lobortis. Vivamus sollicitudin sodales dolor vitae sodales. Suspendisse pharetra laoreet aliquet. Maecenas ullamcorper orci vel tortor luctus iaculis ut vitae metus. Vestibulum ut arcu ac tellus mattis eleifend eget vehicula elit."
22,"Tucson, AZ","http://farm3.static.flickr.com/2454/3808268208_e6135b483b_z.jpg","The U.S. Army","http://www.flickr.com/photos/soldiersmediacenter/3808268208/","Nulla a turpis quis sapien","Nulla a turpis quis sapien commodo dignissim eu quis justo. Maecenas eu lorem odio, ut hendrerit velit. Cum sociis natoque penatibus et magnis dis parturient montes, nascetur ridiculus mus. Proin facilisis porttitor ullamcorper. Praesent mollis dignissim massa, laoreet aliquet velit pellentesque non. Nunc facilisis convallis tristique. Mauris porttitor ante at tellus convallis placerat. Morbi aliquet nisi ac nisl pulvinar id dictum nisl mollis. Sed ornare sem et risus placerat lobortis id eget elit. Integer consequat, magna id suscipit pharetra, nulla velit suscipit orci, ut interdum augue augue quis quam. Fusce pretium aliquet vulputate. Mauris blandit dictum molestie. Proin nulla nibh, bibendum eu placerat at, tincidunt ac nisl. Nullam vulputate metus ut libero rutrum ultricies. Nunc sit amet dui mauris. Suspendisse adipiscing lacus in augue eleifend mollis."
23,"Fargo, ND","http://farm4.static.flickr.com/3491/3860623615_b80c71e981_z.jpg","Ethan.K","http://www.flickr.com/photos/ethankan/3860623615/","Nulla commodo","Nulla commodo odio justo. Pellentesque non ornare diam. In consectetur sapien ac nunc sagittis malesuada. Morbi ullamcorper tempor erat nec rutrum. Duis ut commodo justo. Cras est orci, consectetur sed interdum sed, scelerisque sit amet nulla. Vestibulum justo nulla, pellentesque a tempus et, dapibus et arcu. Lorem ipsum dolor sit amet, consectetur adipiscing elit. Morbi tristique, eros nec congue adipiscing, ligula sem rhoncus felis, at ornare tellus mauris ac risus. Vestibulum ante ipsum primis in faucibus orci luctus et ultrices posuere cubilia Curae; Proin mauris dui, tempor fermentum dictum et, cursus a leo. Maecenas nec nisl a tellus pellentesque rhoncus. Nullam ultrices euismod dui eu congue."
24,"Oklahoma City, OK","http://farm3.static.flickr.com/2448/3859817221_48b5c1e9fd_z.jpg","Matthew Rutledge","http://www.flickr.com/photos/rutlo/3859817221/","Nulla in convallis tellus","Nulla in convallis tellus. Proin tincidunt suscipit vulputate. Suspendisse potenti. Nullam tristique justo mi, a tristique ligula. Duis convallis aliquam iaculis. Nulla dictum fringilla congue. Suspendisse ac leo lectus, ac aliquam justo. Ut porttitor commodo mi sed luctus. Nulla at enim lorem. Nunc eu justo sapien, a blandit odio. Curabitur faucibus sollicitudin dolor, id lacinia sem auctor in. Donec varius nunc at lectus sagittis nec luctus arcu pharetra. Nunc sed metus justo. Cras vel mauris diam. Ut feugiat felis eget neque pharetra vestibulum consectetur massa facilisis. Quisque consectetur luctus nisi quis tincidunt. Vivamus cursus cursus quam non blandit. Pellentesque et velit lacus. Pellentesque habitant morbi tristique senectus et netus et malesuada fames ac turpis egestas."
25,"Oklahoma City, OK","http://farm3.static.flickr.com/2587/3865795777_ce84d11c74_z.jpg","Matthew Rutledge","http://www.flickr.com/photos/rutlo/3865795777/","Nulla nec felis elit","Nulla nec felis elit. Nullam in ipsum in ipsum consequat fringilla quis vel tortor. Phasellus non massa nisi, sit amet aliquam urna. Sed fermentum nibh vitae lacus tincidunt nec tincidunt massa bibendum. Etiam elit dui, facilisis sit amet vehicula nec, iaculis at sapien. Ut at massa id dui ultrices volutpat ut ac libero. Fusce ipsum mi, bibendum a lacinia et, pulvinar eget mauris. Proin faucibus urna ut lorem elementum vulputate. Duis quam leo, malesuada non euismod ut, blandit facilisis mauris. Suspendisse sit amet magna id velit tincidunt aliquet nec eu dolor. Curabitur bibendum lorem vel felis tempus dapibus. Aliquam erat volutpat. Aenean cursus tortor nec dui aliquet porta. Aenean commodo iaculis suscipit. Vestibulum ante ipsum primis in faucibus orci luctus et ultrices posuere cubilia Curae; Quisque sit amet ornare elit. Nam ligula risus, vestibulum nec mattis in, condimentum ac ante. Donec fringilla, justo et ultrices faucibus, tellus est volutpat massa, vitae commodo sapien diam non risus. Vivamus at arcu gravida purus mollis feugiat."
26,"Oklahoma City, OK","http://farm1.static.flickr.com/6/6874065_6638cfa23c_z.jpg","Phillip Capper","http://www.flickr.com/photos/flissphil/6874065/","Nulla varius, nisi eget ","Nulla varius, nisi eget condimentum semper, metus est dictum odio, vel mattis risus est sed velit. Cum sociis natoque penatibus et magnis dis parturient montes, nascetur ridiculus mus. Nunc non est nec tellus ultricies mattis ut eget velit. Integer condimentum ante id lorem blandit lacinia. Donec vel tortor augue, in condimentum nisi. Pellentesque pellentesque nulla ut nulla porttitor quis sodales enim rutrum. Sed augue risus, euismod a aliquet at, vulputate non libero. Nullam nibh odio, dignissim fermentum pulvinar ac, congue eu mi. Duis tincidunt, nibh id venenatis placerat, diam turpis gravida leo, sit amet mollis massa dolor quis mauris. Vivamus scelerisque sodales arcu et dapibus. Suspendisse potenti. Cras quis tellus arcu, quis laoreet sem. Fusce porttitor, sapien vel tristique sodales, velit leo porta arcu, quis pellentesque nunc metus non odio. Nam arcu libero, ullamcorper ut pharetra non, dignissim et velit. Quisque dolor lorem, vehicula sit amet scelerisque in, varius at nulla. Pellentesque vitae sem eget tortor iaculis pulvinar. Sed nunc justo, euismod gravida pulvinar eget, gravida eget turpis. Cras vel dictum nisi. Nullam nulla libero, gravida sit amet aliquam quis, commodo vitae odio. Cras vitae nibh nec dui placerat semper."
27,"Albuquerque, NM","http://farm3.static.flickr.com/2112/1860422806_e8094b31af_z.jpg","Mark Tyra","http://www.flickr.com/photos/matyra/1860422806/","Nunc vel ullamcorper","Nunc vel ullamcorper mi. Suspendisse potenti. Nunc et urna a augue scelerisque ultrices non quis mi. In quis porttitor elit. Aenean quis erat nulla, a venenatis tellus. Fusce vestibulum nisi sed leo adipiscing dignissim. Nunc interdum, lorem et lacinia vestibulum, quam est mattis magna, sit amet volutpat elit augue at libero. Cras gravida dui quis velit lobortis condimentum et eleifend ligula. Phasellus ac metus quam, id venenatis mi. Aliquam ut turpis ac tellus dapibus dapibus eu in mi. Quisque eget nibh eros. Fusce consectetur leo velit."
28,"Albuquerque, NM","http://farm3.static.flickr.com/2008/2121333352_fe238cfa7f_z.jpg?zz=1","Raul Diaz","http://www.flickr.com/photos/radzfoto/2121333352/","Pellentesque habitant","Pellentesque habitant morbi tristique senectus et netus et malesuada fames ac turpis egestas. Aliquam ultrices erat non turpis auctor id ornare mauris sagittis. Quisque porttitor, tellus ut convallis sagittis, mi libero feugiat tellus, rhoncus placerat ipsum tortor id risus. Donec tincidunt feugiat leo. Cras id mi neque, eu malesuada eros. Ut molestie magna quis libero placerat malesuada. Aliquam erat volutpat. Aliquam non mauris lorem, in adipiscing metus. Donec eget ipsum in elit commodo ornare bibendum a nibh. Vivamus odio erat, placerat ac vestibulum eget, malesuada ut nisi. Etiam suscipit sollicitudin leo semper sollicitudin. Sed rhoncus risus sit amet sem eleifend dictum pretium sapien egestas. Nulla at urna nunc, vel aliquet leo. Praesent ultricies, mi eu pretium lobortis, erat nibh euismod leo, sit amet gravida sapien eros et turpis. Donec lacinia venenatis lectus, non lacinia mi hendrerit sit amet. Integer sed felis vel orci aliquam pulvinar. Phasellus et risus id erat euismod tincidunt. Sed luctus tempor nisi, nec tempor ipsum elementum eget. Integer nisl tortor, viverra in dapibus at, mattis ac erat. Curabitur nec dui lectus."
29,"Boston, MA","http://farm5.static.flickr.com/4123/4769294947_299e2e3fa7_z.jpg","Emmanuel Huybrechts","http://www.flickr.com/photos/ensh/4769294947/","Pellentesque id ","Pellentesque id molestie nisl. Maecenas et lectus at justo molestie viverra sit amet sit amet ligula. Nullam non porttitor magna. Quisque elementum arcu cursus tortor rutrum lobortis. Morbi sit amet lectus vitae enim euismod dignissim eget at neque. Vivamus consequat vehicula dui, vitae auctor augue dignissim in. In tempus sem quis justo tincidunt sit amet auctor turpis lobortis. Pellentesque non est nunc. Vestibulum mollis fringilla interdum. Maecenas ipsum dolor, pharetra id tristique mattis, luctus vitae urna. Ut ullamcorper arcu eget elit convallis mollis. Pellentesque condimentum, massa ac hendrerit tempor, mauris purus blandit justo, et pharetra leo justo a est. Duis arcu augue, facilisis vel dignissim sed, aliquam quis magna. Quisque non consequat dolor. Suspendisse a ultrices leo."
30,"Boston, MA","http://farm4.static.flickr.com/3364/3641507961_7ed3845c8e_z.jpg","Kevin Galens","http://www.flickr.com/photos/kevygee/3641507961/","Pellentesque sed ","Pellentesque sed risus a ante vulputate lobortis sit amet eu nisl. Suspendisse ut eros mi, a rhoncus lacus. Curabitur fermentum vehicula tellus, a ornare mi condimentum vel. Integer molestie volutpat viverra. Integer posuere euismod venenatis. Proin ac mauris sed nulla pharetra porttitor. Duis vel dui in risus sodales auctor sit amet non enim. Maecenas mollis lacus at ligula faucibus sodales. Cras vel neque arcu. Sed tincidunt tortor pretium nisi interdum quis dictum arcu laoreet. Morbi pretium ultrices feugiat. Maecenas convallis augue nec felis malesuada malesuada scelerisque mauris placerat. Sed at magna enim, at fringilla dolor. Quisque ut mattis dui. Praesent consectetur ante viverra nisi blandit pharetra. Quisque metus elit, dignissim vitae fermentum sit amet, fringilla imperdiet odio. Cras eget purus eget tellus feugiat luctus a ac purus. Cras vitae nisl vel augue rhoncus porttitor sit amet quis lorem. Donec interdum pellentesque adipiscing. Phasellus neque libero, aliquam in mattis vitae, consectetur adipiscing nibh."
31,"Los Angeles, CA","http://farm4.static.flickr.com/3554/3602444776_1d77864654_z.jpg","J Brew","http://www.flickr.com/photos/brewbooks/3602444776/","Phasellus suscipit","Phasellus suscipit, tortor eu varius fringilla, sapien magna egestas risus, ut suscipit dui mauris quis velit. Cras a sapien quis sapien hendrerit tristique a sit amet elit. Pellentesque dui arcu, malesuada et sodales sit amet, dapibus vel quam. Sed non adipiscing ligula. Ut vulputate purus at nisl posuere sodales. Maecenas diam velit, tincidunt id mattis eu, aliquam ac nisi. Maecenas pretium, augue a sagittis suscipit, leo ligula eleifend dolor, mollis feugiat odio augue non eros. Pellentesque scelerisque orci pretium quam mollis at lobortis dui facilisis. Morbi congue metus id tortor porta fringilla. Sed lorem mi, molestie fermentum sagittis at, gravida a nisi. Donec eu vestibulum velit. In viverra, enim eu elementum sodales, enim odio dapibus urna, eget commodo nisl mauris ut odio. Curabitur nec enim nulla. In nec elit ipsum. Nunc in massa suscipit magna elementum faucibus in nec ipsum. Nullam suscipit malesuada elementum. Etiam sed mi in nibh ultricies venenatis nec pharetra magna. In purus ante, rhoncus vel placerat sed, fermentum sit amet dui. Sed at sodales velit."
32,"San Diego, CA","http://farm4.static.flickr.com/3193/2408378500_286ec4360d_z.jpg?zz=1","Joe Wolf","http://www.flickr.com/photos/joebehr/2408378500/","Phasellus viverra","Phasellus viverra iaculis placerat. Nulla consequat dolor sit amet erat dignissim posuere. Nulla lacinia augue vitae mi tempor gravida. Phasellus non tempor tellus. Quisque non enim semper tortor sagittis facilisis. Aliquam urna felis, egestas at posuere nec, aliquet eu nibh. Praesent sed vestibulum enim. Mauris iaculis velit dui, et fringilla enim. Nulla nec nisi orci. Sed volutpat, justo eget fringilla adipiscing, nisl nulla condimentum libero, sed sodales est est et odio. Cras ipsum dui, varius eu elementum consequat, faucibus in leo. Pellentesque habitant morbi tristique senectus et netus et malesuada fames ac turpis egestas."
33,"San Diego, CA","http://farm3.static.flickr.com/2689/4344100178_dfdf4beaa3_z.jpg?zz=1","Port of San Diego","http://www.flickr.com/photos/portofsandiego/4344100178/","Praesent euismod","Praesent euismod, turpis quis laoreet consequat, neque ante imperdiet quam, ac semper tortor nibh in nulla. Integer scelerisque eros vehicula urna lacinia ac facilisis mauris accumsan. Phasellus at mauris nibh. Curabitur enim ante, rutrum sed adipiscing hendrerit, pellentesque non augue. In hac habitasse platea dictumst. Nam tempus euismod massa a dictum. Donec sit amet justo ac diam ultricies ultricies. Sed tincidunt erat quis quam tempus vel interdum erat rhoncus. In hac habitasse platea dictumst. Vestibulum vehicula varius sem eget interdum. Cras bibendum leo nec felis venenatis sed pharetra sem feugiat. Cum sociis natoque penatibus et magnis dis parturient montes, nascetur ridiculus mus. Sed quam orci, mollis eget sagittis accumsan, vulputate sit amet dui. Praesent eu elementum arcu."
34,"San Diego, CA","http://farm4.static.flickr.com/3236/2804012537_2373c640e0_z.jpg","zemistor","http://www.flickr.com/photos/zemistor/2804012537/","Praesent sed ipsum","Praesent sed ipsum urna. Praesent sagittis varius magna, id commodo dolor malesuada ac. Pellentesque habitant morbi tristique senectus et netus et malesuada fames ac turpis egestas. Quisque sit amet nunc eu sem ornare tempor. Mauris id dolor nec erat convallis porta in lobortis nisi. Curabitur hendrerit rhoncus tortor eu hendrerit. Pellentesque eu ante vel elit luctus eleifend quis viverra nulla. Suspendisse odio diam, euismod eu porttitor molestie, sollicitudin sit amet nulla. Sed ante urna, dictum bibendum rhoncus et, blandit nec ante. Suspendisse tortor augue, accumsan quis suscipit id, accumsan sit amet erat. Donec pharetra varius lobortis. Maecenas ipsum diam, faucibus eu tempus id, convallis nec enim. Duis arcu turpis, fringilla nec egestas ut, dignissim tristique nulla. Curabitur suscipit dui non justo ultrices pharetra. Aliquam erat volutpat. Nulla facilisi. Quisque id felis eu sem aliquam fringilla."
35,"San Diego, CA","http://farm5.static.flickr.com/4086/4839187962_3e4ea41851_z.jpg","Christopher Brown","http://www.flickr.com/photos/xopherbrown/4839187962/","Praesent venenatis","Praesent venenatis magna id sem dictum eu vehicula ipsum vulputate. Sed a convallis sapien. Sed justo dolor, rhoncus vel rutrum mattis, sollicitudin ut risus. Nullam sit amet convallis est. Etiam non tincidunt ligula. Fusce suscipit pretium elit at ullamcorper. Quisque sollicitudin, diam id interdum porta, metus ipsum volutpat libero, id venenatis felis orci non velit. Suspendisse potenti. Mauris rutrum, tortor sit amet pellentesque tincidunt, erat quam ultricies odio, id aliquam elit leo nec leo. Pellentesque justo eros, rutrum at feugiat nec, porta et tellus. Aenean eget metus lectus."
36,"Minneapolis, MN","http://farm1.static.flickr.com/148/385091671_b8fb3b88a6_z.jpg?zz=1","Dominic McGlinn","http://www.flickr.com/photos/domcisme/385091671/","Proin et egestas neque","Proin et egestas neque. Praesent et ipsum dolor. Nunc non varius nisl. Fusce in tortor nisi. Maecenas convallis neque in ligula blandit quis vehicula leo mollis. Pellentesque sagittis blandit leo, dapibus pellentesque leo ultrices ac. Curabitur ac egestas libero. Donec pretium pharetra pretium. Fusce imperdiet, turpis eu aliquam porta, ante elit eleifend risus, luctus auctor arcu ante ut nunc. Vivamus in leo felis, vitae eleifend lacus. Donec tempus aliquam purus porttitor tristique. Suspendisse diam neque, suscipit feugiat fringilla non, eleifend sit nullam."
37,"Minneapolis, MN","http://farm2.static.flickr.com/1302/619783506_7e417908a0_z.jpg","Shawn Hogendorf","http://www.flickr.com/photos/shogendorf/619783506/","Quisque interdum","Quisque interdum tellus ac ante posuere ut cursus lorem egestas. Nulla facilisi. Aenean sed massa nec nisi scelerisque vulputate. Etiam convallis consectetur iaculis. Maecenas ac purus ut ante dignissim auctor ac quis lorem. Pellentesque suscipit tincidunt orci. Fusce aliquam dapibus orci, at bibendum ipsum adipiscing eget. Morbi pellentesque hendrerit quam, nec placerat urna vulputate sed. Quisque vel diam lorem. Praesent id diam quis enim elementum rhoncus sagittis eget purus. Quisque fringilla bibendum leo in laoreet. Vestibulum id nibh risus, non elementum metus. Ut a felis diam, non mollis nisl. Cras elit ante, ullamcorper quis iaculis eu, sodales vel est. Curabitur quis lobortis dolor. Aliquam mattis gravida metus pellentesque vulputate."
38,"Minneapolis, MN","http://farm3.static.flickr.com/2427/3639416310_7e45730080_z.jpg","Ed Menendez","http://www.flickr.com/photos/edmenendez/3639416310/","Sed aliquam","Sed aliquam mattis quam, in vulputate sapien ultrices in. Pellentesque quis velit sed dui hendrerit cursus. Pellentesque non nunc lacus, a semper metus. Fusce euismod velit quis diam suscipit consequat. Praesent commodo accumsan neque. Proin viverra, ipsum non tristique ultrices, velit velit facilisis lorem, vel rutrum neque eros ac nisi. Suspendisse felis massa, faucibus in volutpat ac, dapibus et odio. Pellentesque id tellus sit amet risus ultricies ullamcorper non nec sapien. Nam placerat viverra ullamcorper. Nam placerat porttitor sapien nec pulvinar. Curabitur vel odio sit amet odio accumsan aliquet vitae a lectus. Pellentesque lobortis viverra consequat. Mauris elementum cursus nulla, sit amet hendrerit justo dictum sed. Maecenas diam odio, fringilla ac congue quis, adipiscing ut elit."
39,"Los Angeles, CA","http://farm4.static.flickr.com/3125/3120512033_1e04679a21_z.jpg","Ron Reiring","http://www.flickr.com/photos/84263554@N00/3120512033/","Sed in metus ","Sed in metus nulla. Praesent nec adipiscing sapien. Donec laoreet, velit non rutrum vestibulum, ligula neque adipiscing turpis, at auctor sapien elit ut massa. Nullam aliquam, enim vel posuere rutrum, justo erat laoreet est, vel fringilla lacus nisi non lectus. Etiam lectus nunc, laoreet et placerat at, venenatis quis libero. Praesent in placerat elit. Class aptent taciti sociosqu ad litora torquent per conubia nostra, per inceptos himenaeos. Pellentesque fringilla augue eu nibh placerat dictum. Nunc porttitor tristique diam, eu aliquam enim aliquet vel. Aliquam lacinia interdum ipsum, in posuere metus luctus vel. Vivamus et nisl a eros semper elementum. Donec venenatis orci at diam tristique sollicitudin. In eu eros sed odio rutrum luctus non nec tellus."
40,"Los Angeles, CA","http://farm4.static.flickr.com/3435/3993973823_6d2b5b2448_z.jpg","Kevin Stanchfield","http://www.flickr.com/photos/sgt_spanky/3993973823/","Suspendisse egestas","Suspendisse egestas, sapien sit amet blandit scelerisque, nulla arcu tristique dui, a porta justo quam vitae arcu. In metus libero, bibendum non volutpat ut, laoreet vel turpis. Nunc faucibus velit eu ipsum commodo nec iaculis eros volutpat. Vivamus congue auctor elit sed suscipit. Duis commodo, libero eu vestibulum feugiat, leo mi dapibus tellus, in placerat nisl dui at est. Vestibulum viverra tristique lorem, ornare egestas erat rutrum a. Nullam at augue massa, ut consectetur ipsum. Pellentesque malesuada, velit ut lobortis sagittis, nisi massa semper odio, malesuada semper purus nisl vel lectus. Nunc dui sem, mattis vitae laoreet vitae, sollicitudin ac leo. Nulla vel fermentum est."
41,"San Francisco, CA","http://farm1.static.flickr.com/235/519369402_96fed35e13_z.jpg","Jochen Frey","http://www.flickr.com/photos/jof/519369402/","Ut id augue id","Ut id augue id dolor luctus euismod et quis velit. Maecenas enim dolor, tempus sit amet hendrerit eu, faucibus vitae neque. Proin sit amet varius elit. Proin varius felis ullamcorper purus dignissim consequat. Cras cursus tempus eros. Nunc ultrices venenatis ullamcorper. Aliquam et feugiat tellus. Phasellus sit amet vestibulum elit. Phasellus ac purus lacus, et accumsan eros. Morbi ultrices, purus a porta sodales, odio metus posuere neque, nec elementum risus turpis sit amet magna. Sed est quam, ultricies at congue adipiscing, lobortis in justo. Proin iaculis dictum nunc, eu laoreet quam varius vitae. Donec sit amet feugiat turpis. Mauris sit amet magna quam, ac consectetur dui. Curabitur eget magna tellus, eu pharetra felis. Donec sit amet tortor nisl. Aliquam et tortor facilisis lacus tincidunt commodo. Pellentesque habitant morbi tristique senectus et netus et malesuada fames ac turpis egestas. Curabitur nunc magna, ultricies id convallis at, ullamcorper vitae massa."
42,"San Francisco, CA","http://farm3.static.flickr.com/2346/2042856596_c345308000_z.jpg","debaird","http://www.flickr.com/photos/debaird/2042856596/","Ut malesuada","Ut malesuada molestie eleifend. Curabitur id enim dui, eu tincidunt nibh. Mauris sit amet ante leo. Duis turpis ipsum, bibendum sed mattis sit amet, accumsan quis dolor. Vestibulum ante ipsum primis in faucibus orci luctus et ultrices posuere cubilia Curae; Aenean a imperdiet metus. Quisque sollicitudin felis id neque tempor scelerisque. Donec at orci felis. Vivamus tempus convallis auctor. Donec interdum euismod lobortis. Sed at lacus nec odio dignissim mollis. Sed sapien orci, porttitor tempus accumsan vel, tincidunt nec ante. Nunc rhoncus egestas dapibus. Suspendisse fermentum dictum fringilla. Nullam nisi justo, eleifend a consectetur convallis, porttitor et tortor. Proin vitae lorem non dolor suscipit lacinia eu eget nulla."
43,"San Francisco, CA","http://farm3.static.flickr.com/2424/3978730623_b23656ab4d_z.jpg?zz=1","David Yu","http://www.flickr.com/photos/davidyuweb/3978730623/","Vestibulum semper ","Vestibulum semper egestas mauris. Morbi vestibulum sem sem. Aliquam venenatis, felis sed eleifend porta, mauris diam semper arcu, sit amet ultricies est sapien sit amet libero. Vestibulum dui orci, ornare condimentum mollis nec, molestie ac eros. Proin vitae mollis velit. Praesent eget felis mi. Maecenas eu vulputate nisi. Vestibulum varius, arcu in ultricies vestibulum, nibh leo sagittis odio, ut bibendum nisl mi nec diam. Integer at enim feugiat nulla semper bibendum ut a velit. Proin at nisi ut lorem aliquam varius eget quis elit. Nullam nec odio vel lectus congue consequat adipiscing ac mi. Fusce vitae laoreet libero. Curabitur sit amet sem neque, nec posuere enim. Curabitur at massa a sem gravida iaculis nec et nibh. Sed vitae dui vitae leo tincidunt pretium a aliquam erat. Suspendisse ultricies odio at metus tempor in pellentesque arcu ultricies."
44,"Baton Rouge, LA","http://farm5.static.flickr.com/4114/4778447210_4fa500ec0e_z.jpg","lsgcp","http://www.flickr.com/photos/88158121@N00/4778447210/","Vivamus at fringilla","Vivamus at fringilla eros. Vivamus at nisl id massa commodo feugiat quis non massa. Morbi tellus urna, auctor sit amet elementum sed, rutrum non lectus. Nulla feugiat dui in sapien ornare et imperdiet est ornare. Pellentesque habitant morbi tristique senectus et netus et malesuada fames ac turpis egestas. Vestibulum semper rutrum tempor. Sed in felis nibh, sed aliquam enim. Curabitur ut quam scelerisque velit placerat dictum. Donec eleifend vehicula purus, eu vestibulum sapien rutrum eu. Vivamus in odio vel est vulputate iaculis. Nunc rutrum feugiat pretium."
45,"Baton Rouge, LA","http://farm4.static.flickr.com/3118/2671298068_5b8b395218_z.jpg?zz=1","Brad Davis Sea","http://www.flickr.com/photos/braddavisseal/2671298068/","Vivamus in odio","Vivamus in odio a nisi dignissim rhoncus in in lacus. Donec et nisl tortor. Donec sagittis consequat mi, vel placerat tellus convallis id. Aliquam facilisis rutrum nisl sed pretium. Donec et lacinia nisl. Aliquam erat volutpat. Curabitur ac pulvinar tellus. Nullam varius lobortis porta. Cras dapibus, ligula ut porta ultricies, leo lacus viverra purus, quis mollis urna risus eu leo. Nunc malesuada consectetur purus, vel auctor lectus scelerisque posuere. Maecenas dui massa, vestibulum bibendum blandit non, interdum eget mauris. Phasellus est ante, pulvinar at imperdiet quis, imperdiet vel urna. Quisque eget volutpat orci. Quisque et arcu purus, ut faucibus velit."
