name,lat,lon
"214 North Temple Condominium, UT",40.7719444,-111.9002778
"Abraham, UT",39.3966667,-112.7172222
"Adams Park, UT",40.6355556,-111.8555556
"Adamsville, UT",38.2583333,-112.7930556
"Adventure Condominium, UT",40.6091667,-111.7950000
"Agate, UT",39.0150000,-109.2430556
"Aix La Chapelle Condominium, UT",40.6666667,-111.8250000
"Akron, UT",40.6308333,-111.8544444
"Albertsons Center, UT",41.2300000,-111.9452778
"Albion Alps, UT",40.5805556,-111.6177778
"Albion Basin, UT",40.5805556,-111.6177778
"Alegre Vista, UT",40.5944444,-111.8741667
"Alpine, UT",40.4533333,-111.7772222
"Alpine Ranchettes, UT",41.2091667,-112.0472222
"Alpine Ranchettes Two, UT",41.2058333,-112.0472222
"Alta, UT",40.5888889,-111.6372222
"Alta Hills, UT",40.5930556,-111.8011111
"Alta Vista Subdivision Number 1, UT",40.5666667,-111.8166667
"Altamont, UT",40.3594444,-110.2855556
"Altawood, UT",40.5811111,-111.8027778
"Altawood Subdivision Number 3, UT",40.5791667,-111.8041667
"Alton, UT",37.4377778,-112.4819444
"Altonah, UT",40.4013889,-110.2930556
"Altus, UT",40.7525000,-111.6175000
"Alunite, UT",38.3791667,-112.2458333
"Amalga, UT",41.8611111,-111.8950000
"Amber Way Condominium, UT",41.1750000,-111.9750000
"American Fork, UT",40.3769444,-111.7950000
"American Plaza Condominium, UT",40.7663889,-111.8916667
"American Towers Condominium, UT",40.7655556,-111.8916667
"Anchorage, UT",41.0880556,-112.0233333
"Anderson Junction, UT",37.2841667,-113.3047222
"Anderson West Acres, UT",41.2144444,-112.0750000
"Andlor, UT",40.6633333,-111.8147222
"Aneth, UT",37.2161111,-109.1863889
"Angel Street, UT",40.6022222,-111.8827778
"Angels Grove, UT",40.5213889,-112.2602778
"Angie Circle Condominium, UT",40.6522222,-111.8725000
"Angle, UT",38.2491667,-111.9758333
"Angle View, UT",40.6377778,-111.9444444
"Annabella, UT",38.7091667,-112.0591667
"Antimony, UT",38.1169444,-111.9988889
"Apple Valley, UT",40.6177778,-111.7930556
"Applegate Condo, UT",40.6561111,-111.9111111
"Applewood, UT",40.6450000,-111.8291667
"April Acres, UT",40.7019444,-112.0805556
"April Meadows, UT",40.6350000,-111.9902778
"Aragonite, UT",40.7427778,-113.0019444
"Arbor Estates, UT",40.6644444,-111.8263889
"Arbor Estates Condominium, UT",40.6644444,-111.8263889
"Arborwood Park, UT",40.6605556,-111.8283333
"Arcadia, UT",40.2225000,-110.2366667
"Arsenal, UT",41.1341667,-112.0222222
"Arsenal Villa, UT",41.1597222,-112.0333333
"Arthur, UT",40.7172222,-112.1358333
"Artists View Heights, UT",40.6075000,-111.8038889
"Ashbrook Condominium, UT",40.6255556,-111.8819444
"Ashford Acres, UT",40.5694444,-111.9816667
"Aspen Glen Condominium, UT",40.6494444,-111.8838889
"Aspen Grove, UT",40.4033333,-111.6016667
"Aspen Park Condo, UT",40.6244444,-111.8072222
"Athens, UT",40.7277778,-112.0669444
"Atkinson, UT",40.7405556,-111.4741667
"Atkinville, UT",37.0300000,-113.6269444
"Atlas Hills, UT",40.5980556,-111.7958333
"Atwood, UT",40.6327778,-111.8975000
"Auburn Heights, UT",40.6111111,-111.8230556
"Aurora, UT",38.9222222,-111.9333333
"Austin, UT",38.6722222,-112.1208333
"Autumn Wood, UT",40.6555556,-111.9500000
"Autumn Wood Circle, UT",40.6566667,-111.9500000
"Avon, UT",41.5330556,-111.8125000
"Avondale Condo, UT",40.6102778,-111.7902778
"Axtell, UT",39.0552778,-111.8211111
"Bacchus, UT",40.6630556,-112.0952778
"Bair Estates, UT",40.6022222,-111.7972222
"Bali Hai, UT",40.6144444,-111.8675000
"Ballard, UT",40.2894444,-109.9425000
"Ballard Junction, UT",41.7852778,-111.9861111
"Ballstaedt Estates, UT",40.6197222,-111.8055556
"Barbers, UT",40.6763889,-111.9391667
"Barke Circle, UT",40.6647222,-111.9272222
"Barnes, UT",41.1008333,-112.0644444
"Barrington Park, UT",40.6786111,-111.9244444
"Barro, UT",40.7269444,-113.4880556
"Barton, UT",41.1600000,-112.0638889
"Bauer, UT",40.4719444,-112.3613889
"Bay, UT",40.6536111,-111.8369444
"Bear River City, UT",41.6147222,-112.1258333
"Bear Valley Junction, UT",37.9652778,-112.4116667
"Beaver, UT",38.2769444,-112.6402778
"Beaver Dams Summer Homes Area, UT",39.6458333,-111.2897222
"Becks, UT",40.8166667,-111.9208333
"Beindneau Summer Home Area, UT",41.7652778,-111.6947222
"Bel Won Enterprise, UT",40.6583333,-111.9886111
"Bel-Aire Condominium, UT",41.0980556,-112.0055556
"Belknap, UT",38.5150000,-112.2627778
"Bell Canyon Estates, UT",40.5513889,-111.8583333
"Belle Meadows, UT",40.6419444,-111.8600000
"Bellwood Acres, UT",40.6319444,-111.8219444
"Belmont Terrace, UT",40.6183333,-111.8347222
"Ben Air Estates, UT",40.6369444,-111.9411111
"Ben Lomond Suites Condominiums, UT",41.2200000,-111.9680556
"Ben Rancho Acres, UT",40.6422222,-111.9500000
"Benjamin, UT",40.0983333,-111.7305556
"Bennett, UT",40.3738889,-109.9347222
"Bennion, UT",40.6386111,-111.9380556
"Bennion Court Estates, UT",40.6397222,-111.9436111
"Bennion Cove, UT",40.6580556,-111.9541667
"Bennion Estates, UT",40.6341667,-111.9694444
"Bennion Park, UT",40.6397222,-111.9508333
"Benson, UT",41.7875000,-111.9294444
"Beryl, UT",37.8958333,-113.6605556
"Beryl Junction, UT",37.7094444,-113.6552778
"Best View, UT",40.6588889,-111.9383333
"Betty Heights, UT",40.6144444,-111.8733333
"Bicknell, UT",38.3408333,-111.5433333
"Big Plain Junction, UT",37.0488889,-113.1058333
"Big Sky Estates, UT",41.2980556,-111.8513889
"Big Water, UT",37.0825000,-111.6636111
"Birch Point Condominium, UT",40.6550000,-111.8555556
"Birchmont, UT",40.6158333,-111.8861111
"Birchwood Estates, UT",40.6455556,-111.8636111
"Birdseye, UT",39.9244444,-111.5488889
"Blackburn, UT",40.6647222,-111.8111111
"Blackjack Lodge Condominiums, UT",40.5833333,-111.6486111
"Blackjack Village Condominiums, UT",40.5833333,-111.6486111
"Blair, UT",40.7380556,-113.9772222
"Blake Heights, UT",40.6416667,-111.9466667
"Blake Holley, UT",41.3088889,-111.8497222
"Blanding, UT",37.6241667,-109.4775000
"Bloom, UT",38.9336111,-112.8080556
"Bloomington, UT",37.0466667,-113.6052778
"Bloomington Hills, UT",37.0602778,-113.5552778
"Blue Creek, UT",41.8622222,-112.4561111
"Blue Grass Acres, UT",40.6288889,-111.8522222
"Blue Spruce, UT",40.6563889,-111.8116667
"Blue Spruce Heights, UT",40.6552778,-111.8102778
"Blueacre, UT",38.4852778,-113.1311111
"Bluebell, UT",40.3594444,-110.2166667
"Bluff, UT",37.2844444,-109.5511111
"Bluff at Hidden Valley, UT",40.5341667,-111.8483333
"Bluffdale, UT",40.4897222,-111.9380556
"Boggess Meadow Estates, UT",40.6172222,-111.8583333
"Bonanza, UT",40.0211111,-109.1766667
"Bone Valley, UT",38.1255556,-112.4019444
"Boneta, UT",40.3597222,-110.3408333
"Bonneville Acres, UT",40.6883333,-112.0763889
"Bonneville Heights, UT",41.1644444,-111.9180556
"Bonneville Terrace Number One, UT",41.1605556,-111.9161111
"Bonneville Terrace Number Two, UT",41.1597222,-111.9169444
"Bonneville Tower Condominium, UT",40.7700000,-111.8672222
"Bonnie, UT",40.2974500,-111.6962500
"Bonnie Lane Condominium, UT",41.1852778,-111.9616667
"Bonniebrook Estates, UT",40.6630556,-111.9661111
"Borden, UT",38.9816667,-112.7938889
"Bothwell, UT",41.7172222,-112.2580556
"Boulder Town, UT",37.9083333,-111.4222222
"Bountiful, UT",40.8894444,-111.8800000
"Bountiful Gardens Apartment Homes, UT",40.8930556,-111.8894444
"Bountiful Peak Summer Home Area, UT",40.9733333,-111.8077778
"Bowling Green, UT",40.6694444,-111.9430556
"Bowthorpe, UT",40.6652778,-111.8152778
"Boyes Acres, UT",40.6633333,-111.8236111
"Brachipad Summer Home Area, UT",41.8150000,-111.6166667
"Bradford, UT",41.6300000,-112.1388889
"Bradford Ranchos, UT",40.6244444,-111.8058333
"Brahman Valley Condominium, UT",40.6527778,-111.8850000
"Breeze Estates, UT",40.7072222,-112.0880556
"Breithing Park, UT",40.6886111,-111.9066667
"Brendel, UT",38.9469444,-109.8141667
"Brentwood Park, UT",40.6336111,-111.8561111
"Brian Head, UT",37.6927778,-112.8500000
"Briarwood Condominium, UT",41.2408333,-111.9438889
"Briarwood Springs Condo, UT",40.6111111,-111.8736111
"Briarwood Springs Townhomes, UT",40.6125000,-111.8736111
"Bridgeland, UT",40.1630556,-110.2336111
"Bridgewood Manor Condominium, UT",41.1147222,-112.0241667
"Brigham City, UT",41.5102778,-112.0147222
"Brighton, UT",40.6038889,-111.5813889
"Brighton Hills, UT",40.6133333,-111.8069444
"Brighton Place Condo, UT",40.6141667,-111.8286111
"Brighton Point, UT",40.6144444,-111.7925000
"Brighton Ridge, UT",40.6175000,-111.8375000
"Brighton View, UT",40.6122222,-111.8205556
"Bristol Mansion Condominium, UT",41.2205556,-111.9500000
"Brockwood, UT",40.6647222,-111.8527778
"Broken Ridge at Highpoint, UT",40.6061111,-111.8605556
"Bron Breck, UT",40.6655556,-111.8075000
"Brookshire Estates, UT",40.6333333,-111.9347222
"Brookside Park, UT",40.6466667,-111.8363889
"Brookstone Condo, UT",40.6333333,-111.8455556
"Brookwood Condominiums, UT",40.6652778,-111.8555556
"Brough Estates, UT",40.5533333,-111.8530556
"Brown Stone Condominium, UT",40.7738889,-111.8958333
"Brown-Tye Meadows, UT",40.6630556,-111.9205556
"Browns Townsite, UT",40.7083333,-112.1011111
"Bruin Point, UT",39.6416667,-110.3450000
"Bryants Fork Summer Home Area, UT",40.1750000,-111.1833333
"Bryce Canyon, UT",37.6283333,-112.1669444
"Buena Vista, UT",40.7583333,-111.9711111
"Bullion Falls, UT",38.4097222,-112.3377778
"Bullionville, UT",40.7008333,-109.5725000
"Bunker, UT",40.3083333,-111.7327778
"Burkes Addition, UT",40.7047222,-112.1027778
"Burmester, UT",40.6911111,-112.4513889
"Burningham Industrial, UT",40.5230556,-111.8883333
"Burnt Flat, UT",40.6347222,-111.6150000
"Burnugh Downs, UT",40.6477778,-111.9677778
"Burrville, UT",38.5708333,-111.8627778
"Burton Addition, UT",40.6988889,-111.8913889
"Butler Hills, UT",40.6150000,-111.8277778
"Bywater Park Estates, UT",40.6172222,-111.8063889
"Caballero Ranches, UT",40.6094444,-111.8400000
"Cache Junction, UT",41.8355556,-112.0019444
"Cahoon Haynes Addition, UT",40.6647222,-111.8886111
"Caineville, UT",38.3330556,-111.0180556
"Calann, UT",40.6486111,-111.8425000
"Callao, UT",39.8977778,-113.7077778
"Cambria Pines, UT",40.6555556,-111.8083333
"Cambridge Condominium, UT",40.7675000,-111.8650000
"Cambridge Estates, UT",40.6547222,-111.8394444
"Candlelite Corner, UT",40.6100000,-111.8722222
"Cannonville, UT",37.5669444,-112.0530556
"Canterbay Estates, UT",40.6541667,-111.8369444
"Canyon Cove, UT",40.6333333,-111.7955556
"Canyon Cove Condominium Phase One, UT",41.2325000,-111.9425000
"Canyon Enterprises, UT",40.6275000,-111.7400000
"Canyon Glen, UT",40.3302778,-111.6180556
"Canyon Place, UT",40.5863889,-111.7925000
"Canyon Racquet Club Condo, UT",40.6158333,-111.7888889
"Canyon Rim, UT",40.7066667,-111.8211111
"Canyon Road Towers Condominium, UT",40.7722222,-111.8858333
"Canyon Terrace Condominium, UT",41.2416667,-111.9477778
"Canyon View Condo, UT",40.6111111,-111.7916667
"Canyon View Village, UT",40.6211111,-111.8425000
"Canyon West, UT",40.6869444,-112.0650000
"Capitol Gardens Condominium, UT",40.7794444,-111.8936111
"Capitol Heights Condominium, UT",40.7800000,-111.8916667
"Carbonville, UT",39.6200000,-110.8336111
"Cardon, UT",41.8247222,-111.8436111
"Carlton Towers Condominium, UT",40.7736111,-111.8805556
"Carmel Cove, UT",40.6158333,-111.8755556
"Carriage Crossing Condominium, UT",40.8822222,-111.8813889
"Carriage Square, UT",40.6811111,-111.9400000
"Caryhurst, UT",40.3077778,-111.6538889
"Casey Acres, UT",41.2766667,-111.7741667
"Castilla, UT",40.0355556,-111.5252778
"Castle Dale, UT",39.2122222,-111.0188889
"Castle Rock, UT",41.1116667,-111.2025000
"Castle Valley, UT",38.6394444,-109.4083333
"Castleford Estates, UT",40.6355556,-111.9905556
"Casto Gardens, UT",40.6616667,-111.8127778
"Casto Pines Condominium, UT",40.6597222,-111.8180556
"Catalina Estates, UT",40.7000000,-112.0830556
"Causey Estates, UT",41.2694444,-111.5744444
"Cedar, UT",39.3938889,-110.4541667
"Cedar City, UT",37.6775000,-113.0611111
"Cedar Creek, UT",41.9644444,-113.1555556
"Cedar Fort, UT",40.3272222,-112.1036111
"Cedar Hills, UT",40.4141667,-111.7577778
"Cedar Springs, UT",41.6369444,-112.6277778
"Cedar Springs Condominium, UT",40.9175000,-111.8800000
"Cedarview, UT",40.3602778,-110.0422222
"Celesta Vu Condominium, UT",40.7744444,-111.8813889
"Celeste, UT",40.6102778,-111.8875000
"Celeste Place Townhouses, UT",41.1513889,-112.0350000
"Centennial Condominium, UT",41.2561111,-111.9555556
"Centennial Village, UT",40.6994444,-112.0647222
"Centennial Village Two, UT",40.6908333,-112.0672222
"Center, UT",40.2502778,-112.4000000
"Center Creek, UT",40.4780556,-111.3563889
"Centerfield, UT",39.1252778,-111.8183333
"Centerville, UT",40.9180556,-111.8713889
"Central, UT",37.4166667,-113.6236111
"Central Valley, UT",38.7038889,-112.0980556
"Century Condominium, UT",40.6958333,-112.0477778
"Chambers Park, UT",40.7077778,-112.1069444
"Chambers Townsite, UT",40.7091667,-112.1086111
"Champignon, UT",40.6597222,-111.9694444
"Champlin, UT",39.6511111,-112.3030556
"Chaparral West, UT",40.6944444,-112.0872222
"Charleston, UT",40.4663889,-111.4691667
"Charleston Place, UT",40.6452778,-111.8386111
"Charmar, UT",40.5905556,-111.7777778
"Chateau Village, UT",40.6505556,-112.0272222
"Chateau-Park Condominium, UT",41.1613889,-112.0361111
"Chattel Estates, UT",40.5694444,-111.9708333
"Cheny Ridge Estates, UT",40.6075000,-111.8777778
"Cherry Hills, UT",40.6152778,-111.8113889
"Cherry Tree Lane, UT",40.6233333,-111.8402778
"Cherry Wood Estates, UT",40.5911111,-111.8722222
"Cherrywood Condo, UT",40.5902778,-111.8713889
"Cherrywood Condominium, UT",41.2425000,-111.9486111
"Chester, UT",39.4761111,-111.5622222
"Chestnut Place Condo, UT",40.6541667,-111.9161111
"Chevy Chase, UT",40.6513889,-111.8572222
"Chimney Street Condominium, UT",40.7016667,-111.9744444
"Chokecherry Summer Home Area, UT",41.7713889,-111.6550000
"Christianburg, UT",39.1594444,-111.7522222
"Christmas City, UT",40.3216667,-111.6458333
"Christmas Meadow Summer Home Area, UT",40.8269444,-110.8069444
"Circleville, UT",38.1716667,-112.2697222
"Cisco, UT",38.9700000,-109.3200000
"City Crest Condominium, UT",40.7708333,-111.8858333
"Clarkston, UT",41.9202778,-112.0491667
"Clawson, UT",39.1330556,-111.0963889
"Clay Hills Crossing, UT",37.2944444,-110.4041667
"Clays Ranchettes, UT",41.1958333,-112.0475000
"Clear Creek, UT",39.6458333,-111.1516667
"Clear Lake, UT",39.1183333,-112.7366667
"Clearfield, UT",41.1108333,-112.0252778
"Cleveland, UT",39.3488889,-110.8508333
"Cliffwood Park, UT",40.6652778,-111.8138889
"Clifton, UT",40.1044444,-113.8163889
"Clinton, UT",41.1397222,-112.0497222
"Clive, UT",40.7086111,-113.1166667
"Clover, UT",40.3369444,-112.4605556
"Clover Hollow, UT",40.6577778,-111.9077778
"Clover Hollow Condo, UT",40.6588889,-111.9075000
"Cluistos, UT",40.6388889,-111.9302778
"Clyde, UT",40.2974500,-111.6962500
"Co Rae, UT",40.8533333,-111.8800000
"Coal City, UT",39.6666667,-111.0155556
"Coalville, UT",40.9177778,-111.3986111
"Coates Estates, UT",40.6658333,-111.9583333
"Coats Estates Number 7, UT",40.6611111,-111.9494444
"Cobble Creek Park, UT",41.3680556,-111.8955556
"Cobble Knoll Condominium, UT",40.7666667,-111.8666667
"Cobblerock Lane, UT",40.6244444,-111.8180556
"Cobblestone, UT",40.6644444,-111.9791667
"Cockerills Addition, UT",40.7125000,-112.0897222
"Coeur Dalane Estates, UT",40.6122222,-111.7966667
"College Ward, UT",41.6769444,-111.8791667
"Collinston, UT",41.7747222,-112.0941667
"Colonial Gardens Condominium, UT",40.8947222,-111.8722222
"Colonial Plaza Condominium, UT",41.1663889,-112.0263889
"Colony East Estates, UT",40.6000000,-111.8833333
"Colony Estates, UT",40.6650000,-111.9780556
"Colony South, UT",40.6663889,-111.9669444
"Colony West Subdivision - Numbers 13, UT",40.6697222,-112.0166667
"Colton, UT",39.8525000,-111.0122222
"Columbia, UT",39.5169444,-110.3819444
"Columbia Junction, UT",39.5316667,-110.4430556
"Commonwealth Square Condominium, UT",41.1513889,-112.0263889
"Como Springs, UT",41.0375000,-111.6547222
"Condo Shops Condominium, UT",40.7177778,-111.9522222
"Consumers, UT",39.7005556,-111.0619444
"Continental Estates, UT",40.6508333,-111.9625000
"Continental Townhouse Condominium, UT",40.8763889,-111.8863889
"Contoy Estates, UT",40.6358333,-111.9327778
"Cook Corner, UT",38.2950000,-113.0466667
"Copper City, UT",40.6469444,-112.0322222
"Copper Cove, UT",40.7044444,-112.1086111
"Copper Cove Condominium, UT",40.7030556,-112.1086111
"Copper Hills Heights, UT",40.6880556,-112.0469444
"Copper View Estates, UT",40.6941667,-112.0772222
"Copperton, UT",40.5647222,-112.0966667
"Copperview, UT",40.7116667,-112.0666667
"Copperview Village Condominium, UT",40.7111111,-112.0680556
"Coral Heights, UT",40.6366667,-111.9308333
"Corinne, UT",41.5511111,-112.1094444
"Cormorant, UT",40.6191667,-111.8455556
"Cornish, UT",41.9755556,-111.9525000
"Cottonwood, UT",40.6583333,-111.8333333
"Cottonwood Acres, UT",40.6433333,-111.8197222
"Cottonwood Arms Condo, UT",40.6091667,-111.8644444
"Cottonwood Estates, UT",40.6472222,-111.8250000
"Cottonwood Glade, UT",40.6475000,-111.8286111
"Cottonwood Grove Condominium, UT",40.6311111,-111.8583333
"Cottonwood Heights, UT",40.6197222,-111.8094444
"Cottonwood Hills, UT",40.6616667,-111.8061111
"Cottonwood Hills Condo, UT",40.6041667,-111.8541667
"Cottonwood Manor, UT",40.6266667,-111.8083333
"Cottonwood Meadows, UT",40.6594444,-111.8369444
"Cottonwood Meadows Condominium, UT",40.6244444,-111.8694444
"Cottonwood Meadows Estates, UT",40.6577778,-111.8402778
"Cottonwood Meadows Twin Homes Condominium, UT",40.6244444,-111.8694444
"Cottonwood Park, UT",40.6411111,-111.8494444
"Cottonwood Ridge, UT",40.6261111,-111.8138889
"Cottonwood Slopes, UT",40.6158333,-111.8297222
"Cottonwood Village, UT",40.6402778,-111.8316667
"Cottonwoods of Holladay, UT",40.6622222,-111.8216667
"Country Club Estates, UT",40.5986111,-111.8013889
"Country Corners Condominium, UT",40.6747222,-111.8555556
"Country Creek, UT",40.6905556,-112.0869444
"Country Creek Estates Five, UT",40.6897222,-112.0902778
"Country Creek Estates One and Two, UT",40.6897222,-112.0841667
"Country Hills, UT",40.6422222,-111.9986111
"Country Hills Manor Condominiums, UT",41.1897222,-111.9561111
"Country Hills Square Condominium, UT",41.1852778,-111.9511111
"Country Manor, UT",40.6305556,-111.8225000
"Country Oaks Condominium, UT",41.0875000,-111.9186111
"Country Squire Acres, UT",40.6052778,-111.8819444
"Country Station Condominium, UT",40.8955556,-111.8858333
"Country View Lane, UT",40.6141667,-111.8277778
"Country West, UT",40.6944444,-112.0872222
"Countryside Condominium, UT",40.6258333,-111.8736111
"Cove, UT",41.9636111,-111.8052778
"Cove on Mount Olympus Place, UT",40.6638889,-111.8025000
"Coventry Manor Condominium, UT",40.6952778,-111.9655556
"Cozydale, UT",41.1722222,-112.0208333
"Cranmer, UT",40.6166667,-111.4400000
"Creek Road Condo, UT",40.6177778,-111.8569444
"Creek View Condominium, UT",40.6805556,-111.8797222
"Creekside Condominium, UT",41.2427778,-111.9747222
"Creekside East Condominium, UT",40.6555556,-111.8736111
"Creekside Estates, UT",40.6191667,-111.8569444
"Creekview, UT",40.6611111,-112.0213889
"Creekview Estates, UT",40.6166667,-111.8472222
"Crescent, UT",40.5513889,-111.8902778
"Crescent Estates, UT",40.5563889,-111.8769444
"Crescent Junction, UT",38.9430556,-109.8166667
"Crestview, UT",40.6536111,-112.0313889
"Crestview Estates, UT",40.6155556,-111.8347222
"Crestwood, UT",40.6550000,-111.8433333
"Cropley, UT",41.6530556,-112.1727778
"Crosspointe Condo, UT",40.6525000,-111.9322222
"Crossroads, UT",41.7125000,-112.1413889
"Crown Colony, UT",40.6625000,-111.8480556
"Croydon, UT",41.0686111,-111.5130556
"Crystal Manor Condominium, UT",41.2511111,-111.9730556
"Crystal Springs, UT",41.6602778,-112.0866667
"Cunningham Hill, UT",38.3961111,-112.7241667
"Curlew Junction, UT",41.9655556,-113.0591667
"Curtis, UT",40.6150000,-111.8544444
"Cushing, UT",40.6145000,-111.8813000
"Cyprus Heights, UT",40.6980556,-112.0791667
"Dalton, UT",40.5611111,-112.0597222
"Damron Way, UT",40.7080556,-112.0730556
"Danbury Lane Condominium, UT",40.8980556,-111.8866667
"Daneborg Estates, UT",40.5977778,-111.7986111
"Daniel, UT",40.4708333,-111.4138889
"Danish Hills, UT",40.6027778,-111.8019444
"Dannich Estates, UT",40.6688889,-111.9466667
"De Ville Acres, UT",40.6227778,-111.8363889
"DeGiorgio, UT",41.2361111,-112.0736111
"Deer Lodge Summer Home Area, UT",40.7638889,-109.4752778
"Deerfield Condominium, UT",40.6583333,-111.8075000
"Deerfield Cove, UT",40.6450000,-111.9513889
"Deerwalk Single Unit Condominium, UT",41.2419444,-111.9500000
"Del Ann, UT",40.6427778,-111.8391667
"Delle, UT",40.7600000,-112.7766667
"Delta, UT",39.3522222,-112.5763889
"Den-Mar, UT",40.7072222,-112.0897222
"Den-Mar Condominium, UT",40.7069444,-112.0888889
"Dennis, UT",39.8333333,-112.0830556
"Deseret, UT",39.2869444,-112.6519444
"Desert, UT",39.0880556,-110.3180556
"Desert Mound, UT",37.7105556,-113.2727778
"Devils Slide, UT",41.0636111,-111.5425000
"Dewey, UT",38.8102778,-109.3011111
"Deweyville, UT",41.7105556,-112.0894444
"Diamond, UT",39.8816667,-112.0966667
"Dimond Oaks, UT",41.0900000,-111.9166667
"Dimple Dell Oaks Subdivision Number 2, UT",40.5566667,-111.8194444
"Dividend, UT",39.9547222,-112.0605556
"Dolomite, UT",40.7011111,-112.5750000
"Dorius Building Condominium, UT",40.7708333,-111.8722222
"Dover Hill Condominium, UT",40.6583333,-111.8638889
"Dragerton, UT",39.5425000,-110.4205556
"Dragon, UT",39.7858333,-109.0727778
"Draper, UT",40.5247222,-111.8630556
"Draper Commercial Parkway, UT",40.5202778,-111.8877778
"Draperville, UT",40.5288889,-111.8677778
"Driftwood Estates, UT",40.6363889,-111.8527778
"Dry Fork, UT",40.5575000,-109.6686111
"Dublin Town, UT",40.6605556,-111.7852778
"Duchesne, UT",40.1633333,-110.4022222
"Duck Creek Village, UT",37.5236111,-112.6622222
"Ducket Crossing, UT",37.7436111,-110.2791667
"Dugway, UT",40.2211111,-112.7436111
"Dunyon Dell, UT",40.6327778,-111.6130556
"Durfee Creek Estates, UT",41.3847222,-111.8997222
"Dusty Downs Estates, UT",40.5513889,-111.9275000
"Dutch John, UT",40.9291667,-109.3902778
"Eagle Mountain, UT",40.3141667,-112.0061111
"Eaglebrook Estates, UT",40.6038889,-111.8802778
"East Carbon City, UT",39.5477778,-110.4141667
"East Cottonwood Heights, UT",40.6311111,-111.8261111
"East Holladay Condominium, UT",40.6666667,-111.8069444
"East Layton, UT",41.0811111,-111.9191667
"East Millcreek, UT",40.7000000,-111.8097222
"East Wellington, UT",39.5491000,-110.7282000
"Eastern Addition Sandy Plat A, UT",40.5911111,-111.8802778
"Eastgrove Condominium, UT",41.2308333,-111.9436111
"Eastgrove Condominium Phase 2-7, UT",41.2308333,-111.9436111
"Eastland, UT",37.8036111,-109.1333333
"Easton in Holladay Condominium, UT",40.6661111,-111.8280556
"Eastview Estates, UT",40.6652778,-111.9661111
"Eastwood Subdivision Number 1, UT",41.1494444,-111.9136111
"Eastwood Subdivision Number 2, UT",41.1494444,-111.9136111
"Eastwood Subdivision Number 3, UT",41.1494444,-111.9136111
"Eastwood Subdivision Number 4, UT",41.1494444,-111.9136111
"Eastwood Subdivision Number 5, UT",41.1516667,-111.9222222
"Eastwood Subdivision Number 6, UT",41.1516667,-111.9222222
"Eastwood Subdivision Number 7, UT",41.1516667,-111.9222222
"Echo, UT",40.9777778,-111.4425000
"Echo Resort, UT",40.9625000,-111.4108333
"Eden, UT",41.3005556,-111.8113889
"Eden Hills, UT",41.3202778,-111.8402778
"Eden Meadows, UT",41.3088889,-111.8286111
"Eden Village, UT",41.3027778,-111.8005556
"Edgemont, UT",40.2861111,-111.6511111
"Edgemont Park, UT",40.6477778,-111.9861111
"Edgemoor Park, UT",40.6652778,-111.9491667
"Edgewood Estates, UT",40.6538889,-111.8488889
"Edinburgh of Holladay Condominium, UT",40.6661111,-111.8597222
"Eggnog, UT",37.7725000,-110.8447222
"Eightmile Point, UT",38.7575000,-112.5505556
"El Camino Estates, UT",40.6783333,-111.9402778
"El Joy Plaza, UT",40.6683333,-111.9869444
"El Sid Condominium, UT",40.6494444,-111.8791667
"Elba, UT",38.9500000,-109.5061111
"Elberta, UT",39.9527778,-111.9555556
"Elgin, UT",38.9880556,-110.1447222
"Elk Ridge, UT",40.0113889,-111.6761111
"Elmo, UT",39.3897222,-110.8144444
"Elsinore, UT",38.6827778,-112.1475000
"Elwood, UT",41.6905556,-112.1402778
"Emerald Hills Condominium, UT",41.1630556,-111.9558333
"Emerald Isle, UT",40.6483333,-111.8941667
"Emery, UT",38.9230556,-111.2480556
"Emigration Oaks, UT",40.7755556,-111.7544444
"Emigration Passive Solar Home Condominium, UT",40.7727778,-111.7563889
"Emory, UT",41.0488889,-111.3036111
"Empress Condominium, UT",40.7791667,-111.8611111
"Enchanted Hills, UT",40.6155556,-111.7972222
"Endot, UT",40.5880556,-111.9025000
"Englewood Heights, UT",40.6586111,-111.9755556
"Enoch, UT",37.7733333,-113.0236111
"Enterprise, UT",37.5736111,-113.7183333
"Ephraim, UT",39.3597222,-111.5855556
"Erda, UT",40.6127778,-112.3036111
"Erin Meadows, UT",40.6658333,-111.9233333
"Escalante, UT",37.7702778,-111.6013889
"Eskdale, UT",39.1072222,-113.9516667
"Esquire Estates, UT",40.5969444,-111.7936111
"Essex Court Condo, UT",40.6241667,-111.8633333
"Etna, UT",41.6716667,-113.9536111
"Eureka, UT",39.9541667,-112.1194444
"Evans, UT",41.6236111,-112.1761111
"Evergreen Park, UT",41.3069444,-111.6361111
"Evona, UT",41.2227778,-112.0005556
"Executive House Condominiums, UT",41.2236111,-111.9569444
"Executive Suites of Fountain East, UT",40.6611111,-111.8597222
"Fairbanks Crossing, UT",39.7297222,-109.7322222
"Fairbrook Condominium, UT",40.6483333,-111.8430556
"Fairfield, UT",40.2622222,-112.0922222
"Fairfield Condominium, UT",41.0680556,-111.9488889
"Fairmeadows Condo, UT",40.6255556,-111.8702778
"Fairmont, UT",41.2408333,-111.9019444
"Fairmount, UT",41.2419444,-111.8986111
"Fairoaks, UT",40.5958333,-111.8730556
"Fairview, UT",39.6263889,-111.4388889
"Fairview Gardens, UT",40.6616667,-111.8263889
"Fairview Park, UT",40.7091667,-112.1022222
"Fairway Estates Condominium, UT",40.6547222,-111.8697222
"Fairway Fields, UT",41.0008333,-111.9119444
"Fardown Estates, UT",40.6425000,-111.8319444
"Farm Meadows, UT",40.5305556,-111.9305556
"Farmington, UT",40.9805556,-111.8866667
"Farmington Orchards, UT",41.0055556,-111.8980556
"Farnsworth Condominium, UT",40.6311111,-111.8494444
"Farr West, UT",41.2972222,-112.0269444
"Faust, UT",40.1841667,-112.3911111
"Fayette, UT",39.2252778,-111.8558333
"Fays Trailer Park, UT",41.9166667,-111.4166667
"Ferreland Acres, UT",40.6222222,-111.8416667
"Ferron, UT",39.0936111,-111.1325000
"Ferron Mill, UT",39.0997222,-111.1836111
"Fielding, UT",41.8147222,-112.1152778
"Fillmore, UT",38.9688889,-112.3227778
"Finlandia, UT",40.6038889,-111.8083333
"Fireclay Plaza Condo, UT",40.6777778,-111.8911111
"Fischner Phillips Condominium, UT",40.6622222,-111.8708333
"Fisher Place, UT",40.6400000,-111.8822222
"Fishlake Resort, UT",38.5475000,-111.7236111
"Five Points, UT",41.2594444,-111.9694444
"Flaming Gorge Lodge, UT",40.8844444,-109.4647222
"Flaming Gorge Summer Home Area, UT",40.8897222,-109.4752778
"Flamingo Hills, UT",40.6611111,-111.8161111
"Flangas, UT",40.7066667,-112.0916667
"Floribunda Heights, UT",40.6622222,-111.8100000
"Flowell, UT",38.9791667,-112.4277778
"Floy, UT",38.9244444,-109.9352778
"Flux, UT",40.6813889,-112.5538889
"Fontaine Bleu, UT",40.6444444,-111.8444444
"Foothill, UT",40.7430556,-111.8333333
"Foothill Village, UT",40.7416667,-111.8297222
"Foothills, UT",40.4955556,-112.0144444
"Forest Creek Cove, UT",40.6133333,-111.8341667
"Forest Dale, UT",40.7166667,-111.8611111
"Forest Glen, UT",40.6152778,-111.5805556
"Forest Home, UT",40.7066667,-111.6155556
"Fors, UT",40.6500000,-111.8444444
"Fort Douglas, UT",40.7636111,-111.8311111
"Fort Duchesne, UT",40.2880556,-109.8538889
"Fort Johnson, UT",37.7791667,-113.0313889
"Fort Lane Plaza Condominium, UT",41.0550000,-111.9575000
"Fort Union Cove Condo, UT",40.6186111,-111.8755556
"Fountain Green, UT",39.6300000,-111.6344444
"Four Seasons Village Condominium, UT",40.7597222,-111.9361111
"Fowers, UT",41.1627778,-112.1130556
"Fox Hills, UT",40.6405556,-111.9780556
"Foxmoor Subdivision Number 2, UT",40.5411111,-111.8244444
"Francis, UT",40.6105556,-111.2800000
"Freedom, UT",39.5425000,-111.6486111
"Freedom Acres, UT",41.2616667,-112.0922222
"Fremont, UT",38.4575000,-111.6188889
"Fremont Junction, UT",38.7558333,-111.3808333
"French Cort Village Condominium, UT",40.6744444,-111.8819444
"Frisco, UT",38.4563889,-113.2580556
"Fruit Heights, UT",41.0322222,-111.9013889
"Fruita, UT",38.2855556,-111.2461111
"Fruitland, UT",40.2127778,-110.8388889
"Fry Canyon, UT",37.6311111,-110.1555556
"Fyandale, UT",40.6216667,-111.8250000
"Gables Condo, UT",40.6222222,-111.8688889
"Gandy, UT",39.4500000,-113.9822222
"Garden, UT",41.8891667,-111.3850000
"Garden Acres, UT",41.2288889,-112.0597222
"Garden City, UT",41.9469444,-111.3927778
"Garden Lot Addition, UT",40.7086111,-112.1033333
"Garden Towers Condominium, UT",40.7708333,-111.8844444
"Gardens of Eden, UT",41.2977778,-111.8083333
"Gardiner Estates, UT",40.4972222,-111.9888889
"Gardner Gardens, UT",40.6200000,-111.8777778
"Garfield, UT",40.7272222,-112.1650000
"Garfield Junction, UT",40.7288889,-112.1869444
"Garland, UT",41.7411111,-112.1608333
"Garrison, UT",38.9344444,-114.0322222
"Gateway Condominium, UT",40.7702778,-111.8872222
"Gatewood Condo, UT",40.5861111,-111.8697222
"Geneva, UT",40.2825000,-111.7313889
"Genola, UT",39.9963889,-111.8425000
"George T Sharp, UT",40.6111111,-111.8866667
"Georgetown, UT",37.5355556,-112.0541667
"Gilluly, UT",39.9305556,-111.1641667
"Glendale, UT",37.3177778,-112.5963889
"Glendale Park, UT",40.7333333,-111.9333333
"Glenwood, UT",38.7633333,-111.9894444
"Gold Hill, UT",40.1663889,-113.8297222
"Gold Mine Acres Condominium, UT",40.8508333,-111.9036111
"Golden Hill Canyon, UT",40.5916667,-111.7883333
"Golden Hills, UT",40.5916667,-111.7916667
"Golden Oaks, UT",40.5894444,-111.7991667
"Gomex, UT",40.0744444,-111.5783333
"Gorder, UT",40.1666667,-111.9166667
"Gordons South Lawn Addition, UT",40.6819444,-111.8902778
"Gorgosa, UT",40.7538889,-111.5688889
"Goshen, UT",39.9530556,-111.9000000
"Goshute, UT",39.8761111,-113.9991667
"Goulding, UT",37.0094444,-110.2022222
"Governors Square Condominium, UT",40.7788889,-111.8927778
"Grafton, UT",37.1672222,-113.0791667
"Gramse, UT",38.7905556,-112.0422222
"Granduer Estates, UT",40.6194444,-111.8363889
"Grandview Acres, UT",41.1191667,-112.0277778
"Granger, UT",40.6966667,-111.9666667
"Granite, UT",40.5730556,-111.8052778
"Grantsville, UT",40.6000000,-112.4636111
"Gravel Crossing, UT",37.7072222,-110.2391667
"Great Basin Addition, UT",41.1644444,-112.0372222
"Green Hill Country Estates, UT",41.2686111,-111.7166667
"Green Meadows, UT",40.6666667,-111.8313889
"Green Meadows Estates, UT",40.7144444,-112.0836111
"Green River, UT",38.9952778,-110.1611111
"Green Tree, UT",40.6627778,-111.9700000
"Greenbriar Condominiums, UT",40.8388889,-111.9119444
"Greenbriar Mobile Home Park, UT",40.7061111,-112.0122222
"Greens Corner, UT",41.6469444,-111.9108333
"Greenville, UT",38.2544444,-112.7116667
"Greenwich, UT",38.4311111,-111.9222222
"Greenwood, UT",39.1225000,-112.3519444
"Greenwood Circle, UT",40.6138889,-111.8833333
"Grouse Creek, UT",41.7094444,-113.8825000
"Grouse Creek Junction, UT",41.4216667,-113.8886111
"Grover, UT",38.2280556,-111.3491667
"Gunlock, UT",37.2861111,-113.7625000
"Gunnison, UT",39.1552778,-111.8175000
"Gusher, UT",40.3019444,-109.8177778
"Gypsum Mill, UT",39.7127778,-111.8033333
"Hailstone, UT",40.6083333,-111.4094444
"Halchita, UT",37.1258333,-109.8877778
"Halelani, UT",40.6166667,-111.8819444
"Halelea, UT",40.6136111,-111.8730556
"Halivah, UT",37.7105556,-113.1741667
"Halls Crossing, UT",37.4569444,-110.7122222
"Halls Fifth Avenue Condominium, UT",40.7755556,-111.8669444
"Hamilton Acres, UT",40.5105556,-111.9444444
"Hamiltons Fort, UT",37.6194444,-113.1500000
"Hamlin Valley, UT",37.9983333,-113.9688889
"Hanksville, UT",38.3730556,-110.7133333
"Hanna, UT",40.4041667,-110.7644444
"Happy Valley, UT",40.6361111,-111.9463889
"Harding, UT",39.2891667,-112.4633333
"Hardup, UT",41.8955556,-113.1508333
"Hardy, UT",40.3386111,-111.7380556
"Harrisburg, UT",37.2058333,-113.3936111
"Harrisburg Junction, UT",37.1619444,-113.4308333
"Harrisville, UT",41.2813889,-111.9875000
"Harrisville Heights, UT",41.2861111,-112.0072222
"Harvard Park, UT",40.5972222,-111.8583333
"Harvel Park Condo, UT",40.6083333,-111.8800000
"Harvest Lane Condo, UT",40.5897222,-111.8691667
"Harvestland Estates, UT",40.6744444,-111.9494444
"Harvestland Estates Condo, UT",40.6744444,-111.9513889
"Hatch, UT",37.6497222,-112.4336111
"Hatton, UT",38.8388889,-112.4558333
"Haven Grove, UT",40.6388889,-111.8416667
"Haven Place, UT",40.6547222,-111.8175000
"Hayden, UT",40.4327778,-109.9725000
"Hazelhurst, UT",40.6427778,-111.9591667
"Heather Circle, UT",40.6494444,-111.8105556
"Heather Glen Condo, UT",40.6736111,-111.9497222
"Heatherglen, UT",40.6730556,-111.9497222
"Heaths Blocks 39 and 40, UT",40.7638889,-111.9161111
"Heber City, UT",40.5069444,-111.4125000
"Hector Park Condominium, UT",40.7016667,-111.9466667
"Heiner, UT",39.7080556,-110.8655556
"Heist, UT",37.8530556,-113.8477778
"Hellgate Villa Condominiums, UT",40.5927778,-111.6300000
"Helper, UT",39.6841667,-110.8538889
"Henderson Subdivisions 1-4, UT",41.2472222,-111.9436111
"Henefer, UT",41.0166667,-111.4975000
"Henrieville, UT",37.5627778,-111.9936111
"Herefordshire Condominium, UT",41.1805556,-112.0233333
"Hermitage, UT",41.2508333,-111.8811111
"Herriman, UT",40.5141667,-112.0322222
"Heughs Canyon, UT",40.6400000,-111.7975000
"Hew-Wood Estates, UT",40.6511111,-111.9444444
"Hi Country Estates, UT",40.5063889,-112.0708333
"Hiawatha, UT",39.4844444,-111.0108333
"Hidden Cove Number 2, UT",40.6638889,-111.9216667
"Hidden Cove Number 3, UT",40.6666667,-111.9233333
"Hidden Hideaway Condominium, UT",41.0927778,-111.9366667
"Hidden Lake Condominium, UT",40.6680556,-111.8597222
"Hidden Oak Estates, UT",40.5919444,-111.7975000
"Hidden Valley Country Club Estates, UT",40.5333333,-111.8444444
"High Danish Condominium, UT",40.6038889,-111.8044444
"Highland, UT",40.4500000,-111.7694444
"Highland Park Addition, UT",40.7644444,-111.9275000
"Highland Park Magna, UT",40.7069444,-112.1111111
"Highlands, UT",40.8436111,-111.8969444
"Hildale, UT",37.0036111,-112.9661111
"Hill Acres, UT",41.2455556,-112.0355556
"Hill Gate, UT",40.7019444,-112.1033333
"Hill Top, UT",39.7147222,-111.4694444
"Hillborough Heights, UT",40.5772222,-111.8213889
"Hillcrest Heights, UT",40.6111111,-111.8630556
"Hillcrest Park, UT",40.6416667,-111.8836111
"Hills of Homes, UT",41.1791667,-112.0286111
"Hillsborough Estates, UT",40.6041667,-111.8000000
"Hillsdale, UT",37.7191667,-112.3813889
"Hillsden Addition, UT",40.6538889,-111.8155556
"Hillside Townhouse Condominium, UT",40.7750000,-111.8880556
"Hillside Village, UT",40.6255556,-111.8197222
"Hilton Villa, UT",40.6397222,-111.8586111
"Hinckley, UT",39.3250000,-112.6702778
"Hoffman Heights, UT",40.6591667,-112.0050000
"Hoffman Heights Numbes 12 and 13, UT",40.6477778,-111.9930556
"Hogup, UT",41.2591667,-113.1233333
"Holden, UT",39.0988889,-112.2700000
"Holiday Center Addition, UT",40.6666667,-111.8400000
"Holladay, UT",40.6688889,-111.8238889
"Holladay Edgehill, UT",40.6563889,-111.8172222
"Holladay Gardens, UT",40.6583333,-111.8161111
"Holladay Grove, UT",40.6638889,-111.8447222
"Holladay Highlands, UT",40.6533333,-111.8111111
"Holladay Highlands Three, UT",40.6511111,-111.8091667
"Holladay Meadows Condominium, UT",40.6633333,-111.8197222
"Holladay Villa Homes Condominium, UT",40.6666667,-111.8236111
"Holt, UT",41.6761111,-111.8472222
"Homansville, UT",39.9750000,-112.0833333
"Homestead Condominium, UT",40.9088889,-111.8858333
"Homestead Estates, UT",40.5038889,-111.9486111
"Honeyville, UT",41.6386111,-112.0786111
"Honeywood Cove, UT",40.6083333,-111.7908333
"Honeywood Hills, UT",40.6088889,-111.7930556
"Hooper, UT",41.1638889,-112.1216667
"Hoovers, UT",38.5041667,-112.2569444
"Horizon, UT",40.6422222,-111.9838889
"Horizon Circle, UT",40.6233333,-111.8038889
"Horse Canyon, UT",39.4583333,-110.3583333
"Howe, UT",40.6486111,-111.8641667
"Howell, UT",41.7961111,-112.4436111
"Hoytsville, UT",40.8744444,-111.3797222
"Huff Acres, UT",40.6594444,-111.8597222
"Huffaker, UT",40.6633333,-111.8619444
"Hunter, UT",40.6969444,-112.0205556
"Hunter Village Condominium, UT",40.6844444,-112.0269444
"Hunters Woods Condo, UT",40.6650000,-111.9050000
"Huntington, UT",39.3266667,-110.9638889
"Huntsman Plat A, UT",40.5575000,-111.7983333
"Huntsville, UT",41.2608333,-111.7691667
"Huntsville Hollow, UT",41.2619444,-111.6975000
"Hurricane, UT",37.1752778,-113.2891667
"Hyde Park, UT",41.7988889,-111.8183333
"Hyland Lake, UT",40.6441667,-111.8591667
"Hyrum, UT",41.6341667,-111.8513889
"Ibapah, UT",40.0366667,-113.9844444
"Ibex, UT",38.8825000,-113.4411111
"Idlewild Townsite, UT",41.2538889,-111.8558333
"Independence, UT",40.2480556,-109.9344444
"Indian Village, UT",40.6513889,-112.0105556
"Indian Village South, UT",40.6555556,-111.9711111
"Indianola, UT",39.8030556,-111.4880556
"International Gardens, UT",40.6483333,-111.8361111
"Interwest Condominium Project Phase A, UT",41.2125000,-112.0041667
"Ioka, UT",40.2586111,-110.1130556
"Iosepa, UT",40.5372222,-112.7436111
"Iron Basin, UT",38.9302778,-112.9544444
"Iron Mountain, UT",37.6175000,-113.3900000
"Iron Springs, UT",37.7497222,-113.2338889
"Ironton, UT",40.1986111,-111.6175000
"Ivins, UT",37.1686111,-113.6786111
"Jackson Condominium, UT",40.7675000,-111.8966667
"Jamestown, UT",40.6388889,-111.8458333
"Jefferson Place Condominium, UT",40.5844444,-111.9083333
"Jensen, UT",40.3697222,-109.3341667
"Jeremy, UT",40.6383333,-111.8358333
"Jeremy Ranch, UT",40.7541667,-111.5586111
"Jericho, UT",39.7502778,-112.2047222
"Jerusalem, UT",39.5638889,-111.6569444
"Johnsons, UT",40.6225000,-111.8111111
"Johnsonville, UT",40.6411111,-111.8286111
"Jordan, UT",40.5000000,-111.9500000
"Jordan Addition, UT",40.7686111,-111.9272222
"Jordan Village, UT",40.6000000,-111.8783333
"Jordanelle, UT",40.5944444,-111.4266667
"Joseph, UT",38.6263889,-112.2163889
"Joy, UT",39.5727778,-113.0577778
"Juab, UT",39.5197222,-111.9397222
"Junction, UT",38.2375000,-112.2191667
"Juniper Park Resort, UT",37.7133333,-112.6216667
"Kamas, UT",40.6430556,-111.2800000
"Kanab, UT",37.0475000,-112.5255556
"Kanarraville, UT",37.5388889,-113.1833333
"Kanesville, UT",41.1905556,-112.0830556
"Kanosh, UT",38.8013889,-112.4366667
"Kanosh Indian Village, UT",38.8200000,-112.4030556
"Kap, UT",41.2066667,-112.0363889
"Kashmir, UT",40.6483333,-111.9311111
"Kaysville, UT",41.0352778,-111.9377778
"Kearns, UT",40.6600000,-111.9955556
"Keetley, UT",40.6355556,-111.4138889
"Keetley Junction, UT",40.6825000,-111.4569444
"Keigley, UT",40.0055556,-111.8086111
"Keil Number 1, UT",40.6397222,-111.9388889
"Keil Number 2, UT",40.6419444,-111.9400000
"Kelley Kay Acres, UT",41.1727778,-112.0891667
"Kellgreen Acres, UT",40.6397222,-111.8488889
"Kelton, UT",41.7461111,-113.1055556
"Kema, UT",38.8038889,-112.0241667
"Kenilworth, UT",39.6883333,-110.8050000
"Kentwood Condominium, UT",41.1633333,-112.0466667
"Killyons, UT",40.7930556,-111.7119444
"Kimball Condominium, UT",40.7722222,-111.8897222
"Kimball Junction, UT",40.7272222,-111.5433333
"Kimber Estates, UT",40.6116667,-111.8422222
"Kimberly Park, UT",40.6430556,-111.8547222
"Kings Row Manor Condominium, UT",40.6841667,-111.9355556
"Kingsgate, UT",40.6563889,-111.9833333
"Kingston, UT",38.2083333,-112.1869444
"Kingsville Junction, UT",41.1605556,-112.0827778
"Kinney Estates, UT",40.5361111,-111.9222222
"Kinney and Gourlays Improved City Plat, UT",40.7936111,-111.9158333
"Kino Heights, UT",40.6127778,-111.8116667
"Knight, UT",39.9433333,-112.1952778
"Knightville, UT",39.9538889,-112.1000000
"Knolls, UT",40.7230556,-113.2888889
"Knollwood Condominium, UT",41.1733333,-111.9263889
"Knudsens Corner, UT",40.6380556,-111.8113889
"Koosharem, UT",38.5102778,-111.8805556
"Kopper View Mobile Home Park, UT",40.7116667,-112.0577778
"Kyune, UT",39.8261111,-110.9441667
"LKC Development, UT",40.5472222,-111.9030556
"LKC Jordan View Estates, UT",40.5458333,-111.9108333
"LPT Condominium, UT",40.8519444,-111.9116667
"La Cresta Park, UT",40.6286111,-111.8316667
"La Sal, UT",38.3122222,-109.2475000
"La Sal Junction, UT",38.3105556,-109.4044444
"La Verkin, UT",37.2011111,-113.2688889
"Lady of the Lake, UT",40.6058333,-111.5872222
"Lago, UT",40.7047222,-112.2588889
"Laho, UT",38.2652778,-113.1150000
"Lake Pines Apartment Condominium, UT",40.6647222,-111.8652778
"Lake Point, UT",40.6808333,-112.2622222
"Lake Point Junction, UT",40.7230556,-112.2252778
"Lake Ridge, UT",40.6988889,-112.0716667
"Lake Shore, UT",40.1219444,-111.7297222
"Lake View Resort, UT",37.7161111,-112.6213889
"Laker Lane Condominium, UT",41.1730556,-111.9747222
"Lakeside, UT",41.2225000,-112.8647222
"Lakeside Acres, UT",41.1855556,-112.1055556
"Lakeside Resort, UT",38.5352778,-111.7377778
"Laketown, UT",41.8255556,-111.3216667
"Lakeview, UT",40.2580556,-111.7116667
"Lakeview Condominium, UT",41.0886111,-112.0197222
"Lakeview Condominiums of Bountiful, UT",40.8902778,-111.8880556
"Lakeview Mobile Home Park, UT",41.1013889,-111.9622222
"Lakeview Terrace Condominium, UT",40.8791667,-111.8494444
"Lakewood, UT",40.6516667,-111.8452778
"Lakota, UT",41.9858333,-111.4077778
"Lampo Junction, UT",41.6363889,-112.4227778
"Lampton, UT",40.5588889,-111.9005556
"Landon Village, UT",40.6113889,-111.8694444
"Lant, UT",39.9625000,-111.9147222
"Lapoint, UT",40.4038889,-109.7927778
"Latimer, UT",38.1002778,-113.3150000
"Latuda, UT",39.7038889,-110.9452778
"Lavell, UT",41.1758333,-112.0613889
"Lawrence, UT",39.2955556,-110.9283333
"Layrelwood Estates, UT",40.6486111,-111.8388889
"Layton, UT",41.0602778,-111.9702778
"Layton Meadows Condominium, UT",41.0816667,-111.9750000
"Layton Park Plaza Condominium, UT",41.0608333,-111.9613889
"Laytona, UT",41.0891667,-111.9730556
"Lazy Bar, UT",40.6288889,-111.8211111
"Le Cheminant, UT",40.7119444,-112.1086111
"Leamington, UT",39.5347222,-112.2827778
"Leeds, UT",37.2386111,-113.3583333
"Leeton, UT",40.3891667,-109.9202778
"Lehi, UT",40.3916667,-111.8500000
"Leland, UT",40.0988889,-111.6894444
"Lemontree Condominium, UT",40.9013889,-111.8763889
"Leota, UT",40.1888889,-109.6519444
"Levan, UT",39.5586111,-111.8611111
"Lewis, UT",40.0855556,-111.7030556
"Lewis Estates, UT",41.1666667,-112.1105556
"Lewiston, UT",41.9758333,-111.8555556
"Lexington Village Old Farm Condominium, UT",40.6813889,-111.8708333
"Liberty, UT",41.3336111,-111.8627778
"Liberty Bell Ranchettes, UT",41.3569444,-111.8697222
"Liberty Meadows, UT",41.3238889,-111.8669444
"Lincoln, UT",40.5650000,-112.2558333
"Lincoln Addition, UT",40.7119444,-112.1041667
"Lincoln Court Condominium, UT",41.1258333,-112.0916667
"Linden Circle, UT",40.6411111,-111.8294444
"Lindon, UT",40.3433333,-111.7200000
"Lindsey Circle Condominium, UT",40.7802778,-111.8650000
"Linford Acres, UT",40.6555556,-112.0111111
"Little Bonanza, UT",40.0358333,-109.2111111
"Little Cottonwood Creek Valley, UT",40.6044444,-111.8286111
"Little Cottonwood Valley, UT",40.6138889,-111.8511111
"Little Mountain, UT",40.7833333,-111.7205556
"Little Mountain Canyon Condominium, UT",40.7841667,-111.7200000
"Little Trieste, UT",40.6622222,-111.9663889
"Little Water, UT",37.1033333,-109.5511111
"Little Willow, UT",40.5605556,-111.8844444
"Littleton, UT",41.0391667,-111.7175000
"Loa, UT",38.4027778,-111.6422222
"Lobo Subdivision, UT",40.5972222,-111.8658333
"Lofgreen, UT",40.0241667,-112.3097222
"Logan, UT",41.7355556,-111.8336111
"Lois, UT",40.6138889,-111.8705556
"Lone Tree Crossing, UT",38.7647222,-111.1261111
"Long Valley Junction, UT",37.4880556,-112.5105556
"Longview Acres, UT",40.6358333,-111.8755556
"Loredell, UT",40.6583333,-111.8133333
"Lornadale, UT",40.6483333,-111.8402778
"Lost Acres, UT",40.7144444,-111.6519444
"Low, UT",40.7855556,-112.9397222
"Lower Kimberly, UT",38.4902778,-112.3900000
"Lucin, UT",41.3483333,-113.9041667
"Lund, UT",38.0075000,-113.4308333
"Lundon Street Condo, UT",40.6238889,-111.8722222
"Lupine Village, UT",41.0022222,-111.9041667
"Lyman, UT",38.3969444,-111.5888889
"Lynn, UT",41.8727778,-113.7438889
"Lynndyl, UT",39.5191667,-112.3750000
"Mack, UT",39.5336111,-112.3127778
"Madsen, UT",41.6663889,-112.0908333
"Maeser, UT",40.4772222,-109.5861111
"Magna, UT",40.7091667,-112.1008333
"Magna Addition, UT",40.7083333,-112.1044444
"Magna Manors, UT",40.7044444,-112.1077778
"Magna Mill, UT",40.7150000,-112.1216667
"Main Point Condominium, UT",41.1566667,-111.9419444
"Majestic Acres, UT",40.6894444,-112.0630556
"Majestic Canyon Estates, UT",40.5680556,-111.8030556
"Majestic Grove, UT",40.6944444,-112.0680556
"Malone, UT",38.6527778,-112.9811111
"Mammoth, UT",39.9263889,-112.1255556
"Mammoth Junction, UT",39.9369444,-112.1477778
"Manderfield, UT",38.3594444,-112.6380556
"Mandolin Condominium, UT",40.7708333,-111.8763889
"Manila, UT",40.9880556,-109.7219444
"Manti, UT",39.2683333,-111.6361111
"Manti Canyon Summer Homes, UT",39.2561111,-111.5205556
"Mantua, UT",41.4958333,-111.9430556
"Mantyla, UT",40.6611111,-111.9241667
"Maple City, UT",40.7716667,-111.7350000
"Maple Grove, UT",39.0150000,-112.0922222
"Mapleton, UT",40.1302778,-111.5777778
"Margarethe, UT",40.8263889,-111.7338889
"Marian Meadows, UT",40.6636111,-111.9419444
"Marion, UT",40.6775000,-111.2802778
"Marketboro Condostor Condominium, UT",41.0441667,-111.9491667
"Marmalade Condominium, UT",40.7772222,-111.8922222
"Marriott-Slaterville, UT",41.2516667,-112.0247222
"Marshall, UT",40.6025000,-112.3927778
"Martin, UT",39.7019444,-110.8675000
"Marysvale, UT",38.4494444,-112.2294444
"Mathieu Place Condominium, UT",40.6091667,-111.8244444
"Matlin, UT",41.5594444,-113.3580556
"Mayfield, UT",39.1141667,-111.7100000
"Mayflower Condominium, UT",40.7697222,-111.8533333
"McCormick, UT",40.6183333,-111.8508333
"McCornick, UT",39.2155556,-112.4075000
"McDonald Condo, UT",40.5986111,-111.8819444
"McIntyre, UT",39.8347222,-112.1683333
"McIntyre Building Condominium, UT",40.7677778,-111.8911111
"McLaines Mountain, UT",40.6027778,-111.7888889
"Meadow, UT",38.8858333,-112.4097222
"Meadow Brook Estates Condominium, UT",40.8963889,-111.8852778
"Meadow Creek Condominium, UT",41.0694444,-111.9491667
"Meadow Green, UT",40.6805556,-111.9300000
"Meadow Hollow Condominium, UT",41.0455556,-111.9477778
"Meadow Valley Condominium, UT",40.6997222,-111.9694444
"Meadow View, UT",40.6438889,-112.0005556
"Meadowbrook Corners, UT",40.6791667,-111.9297222
"Meadowbrook Farms, UT",40.6766667,-111.9313889
"Meadowbrook Valley, UT",40.6777778,-111.9305556
"Meadowbrook Village Condo, UT",40.6763889,-111.9244444
"Meadows at Mutton Hollow Condominium, UT",41.0461111,-111.9444444
"Meadowview Heights Number 4, UT",40.6425000,-112.0055556
"Meadowville, UT",41.8441667,-111.3983333
"Medical Drive Condominium, UT",40.8850000,-111.8658333
"Mel Stephenson, UT",41.1575000,-112.1013889
"Mendon, UT",41.7100000,-111.9769444
"Mercur, UT",40.3208333,-112.2113889
"Merrywood, UT",40.7222222,-111.7100000
"Merton Park, UT",40.7072222,-112.0994444
"Mexican Hat, UT",37.1519444,-109.8663889
"Mid Avenues Condominium, UT",40.7750000,-111.8672222
"Middle Fork Ranches, UT",41.2836111,-111.7702778
"Middleton, UT",37.1208333,-113.5400000
"Midlake, UT",41.2238889,-112.6638889
"Midland Court Condominium, UT",40.6647222,-111.8222222
"Midland Square, UT",41.1952778,-112.0433333
"Midvale, UT",40.6111111,-111.8991667
"Midvale Terrace, UT",40.6133333,-111.8597222
"Midvalley, UT",40.6125000,-111.8869444
"Midvalley Estates, UT",40.6127778,-111.8691667
"Midway, UT",40.5122222,-111.4736111
"Midwest Estates, UT",40.6652778,-111.9644444
"Milburn, UT",39.7041667,-111.4241667
"Milford, UT",38.3969444,-113.0100000
"Mill Fork, UT",39.9638889,-111.3072222
"Millard, UT",40.6216667,-111.8361111
"Millcreek, UT",40.6869444,-111.8747222
"Millcreek Manor Condominium, UT",41.2425000,-111.9763889
"Miller Calioon Addition, UT",40.6686111,-111.8916667
"Millerberg, UT",40.6091667,-111.8819444
"Mills, UT",39.4827778,-112.0272222
"Mills Heights, UT",40.6513889,-111.9533333
"Mills Junction, UT",40.6550000,-112.2883333
"Millstream Condominium Phase 1-4, UT",41.2388889,-111.9483333
"Millville, UT",41.6816667,-111.8222222
"Milo, UT",40.6622222,-111.8166667
"Milton, UT",41.0600000,-111.7302778
"Minersville, UT",38.2141667,-112.9227778
"Misty Hills Numbers 1-7, UT",40.6416667,-111.9955556
"Misty Hills Numbers 8-10, UT",40.6355556,-111.9866667
"Moab, UT",38.5733333,-109.5491667
"Moark Junction, UT",40.0827778,-111.5875000
"Modena, UT",37.7988889,-113.9233333
"Mohrland, UT",39.4402778,-111.0144444
"Molen, UT",39.0883333,-111.0727778
"Mon de Ville Condominium, UT",40.7708333,-111.8730556
"Mona, UT",39.8161111,-111.8547222
"Monarch, UT",40.4172222,-110.1047222
"Monroe, UT",38.6300000,-112.1200000
"Monte Carlo Condominium, UT",40.6430556,-111.8427778
"Monte Cristo Condo, UT",40.6366667,-111.8366667
"Montezuma Creek, UT",37.2700000,-109.3200000
"Monticello, UT",37.8713889,-109.3422222
"Moon Lake Lodge, UT",40.5694444,-110.5066667
"Moon Lake Resort, UT",40.5613889,-110.4916667
"Moon Park, UT",41.0022222,-111.9022222
"Moore, UT",38.9666667,-111.1527778
"Morgan, UT",41.0361111,-111.6761111
"Morningside Cove, UT",40.6555556,-111.9286111
"Moroni, UT",39.5250000,-111.5897222
"Morton, UT",41.9391667,-111.9472222
"Mosida, UT",40.1272222,-111.9558333
"Motoqua, UT",37.3038889,-113.9988889
"Mound City, UT",40.5252778,-111.4911111
"Mount Aire, UT",40.7261111,-111.7163889
"Mount Carmel, UT",37.2472222,-112.6636111
"Mount Carmel Junction, UT",37.2241667,-112.6797222
"Mount Carmel Trailer Park, UT",37.2236111,-112.6805556
"Mount Emmons, UT",40.3477778,-110.2744444
"Mount Jordan Addition, UT",40.5833333,-111.8777778
"Mount Ogden Park, UT",41.2097222,-111.9347222
"Mount Ogden Park Condominium Phase One, UT",41.2066667,-111.9361111
"Mount Ogden Park Estates, UT",41.2038889,-111.9377778
"Mount Ogden Terrace Condominium Project, UT",41.2072222,-111.9438889
"Mount Olympus, UT",40.6855556,-111.7877778
"Mount Olympus Gardens Condominium, UT",40.6547222,-111.8652778
"Mount Pleasant, UT",39.5469444,-111.4547222
"Mount Sterling, UT",41.6097222,-111.9363889
"Mount Vernon Cove Condominium, UT",40.6694444,-111.8711111
"Mount Vista, UT",40.6366667,-111.9444444
"Mountain Dell Park, UT",40.8036111,-111.6791667
"Mountain Estates, UT",40.6111111,-111.7980556
"Mountain Green, UT",41.1430556,-111.7908333
"Mountain Home, UT",40.3991667,-110.3877778
"Mountain Meadows Condominiums, UT",41.1775000,-111.9333333
"Mountain Men Estates, UT",40.6588889,-112.0194444
"Mountain Spa, UT",40.5250000,-111.4666667
"Mountain Terrace Subdivision Number 1-4, UT",41.2422222,-111.9336111
"Mountain Top Park, UT",40.8027778,-111.7050000
"Mountain Valley Meadows, UT",41.2533333,-111.7355556
"Mountain View Estates, UT",40.5744444,-111.8827778
"Mountain View Estates Numbers 23, UT",40.5155556,-111.9291667
"Mountain View Orchard Heights, UT",40.6577778,-111.8630556
"Mountain View Park Condo, UT",40.6725000,-111.9236111
"Mountain View Subdivision Number 10, UT",40.5250000,-111.9527778
"Mountain View Subdivision Number 11, UT",40.5250000,-111.9527778
"Mountain View Subdivision Number 12, UT",40.5250000,-111.9527778
"Mountain View Subdivision Number 13, UT",40.5250000,-111.9527778
"Mountains Meadows, UT",40.8447222,-111.8977778
"Mounthaven, UT",40.6488889,-111.6472222
"Murdock, UT",38.5036111,-112.9833333
"Murray, UT",40.6669444,-111.8872222
"Murray Condominium, UT",40.6305556,-111.8736111
"Mutton Hollow Acres, UT",41.0583333,-111.9105556
"Mutual Dell, UT",40.4463889,-111.6433333
"Myton, UT",40.1944444,-110.0611111
"Naisbitt Acres, UT",41.1594444,-112.1425000
"Nalani, UT",40.6388889,-111.8369444
"Naples, UT",40.4269444,-109.4986111
"Nash, UT",40.4547222,-111.9213889
"Navajo Mountain, UT",37.0194444,-110.7905556
"Navajo lake Lodge, UT",37.5202778,-112.8027778
"Nayon Heights Condominium, UT",41.0750000,-111.9416667
"Neels, UT",39.0450000,-112.7686111
"Neilson, UT",40.6333333,-111.6091667
"Neola, UT",40.4333333,-110.0291667
"Nephi, UT",39.7102778,-111.8355556
"Nerva, UT",41.3688889,-112.0408333
"New England Condominium, UT",40.7719444,-111.8730556
"New Harmony, UT",37.4794444,-113.3088889
"Newcastle, UT",37.6666667,-113.5486111
"Newhouse, UT",38.4811111,-113.3411111
"Newport Heights Condominium, UT",40.8483333,-111.8747222
"Newton, UT",41.8627778,-111.9900000
"Newtopia Acres, UT",40.6183333,-111.8180556
"Nibley, UT",41.6744444,-111.8322222
"Nicoletti Drive, UT",40.6194444,-111.8880556
"Nordic Valley Estates, UT",41.3058333,-111.8563889
"Normandy Mobile Homes Estates, UT",40.6375000,-111.9411111
"Normikemark Estates, UT",40.6569444,-111.8152778
"North Creek, UT",38.3372222,-112.5772222
"North Crest Park Condominium, UT",40.7805556,-111.8761111
"North Farmington Junction, UT",41.0122222,-111.9122222
"North Fork Estates, UT",41.3377778,-111.8572222
"North Logan, UT",41.7694444,-111.8038889
"North Ogden, UT",41.3072222,-111.9594444
"North Salt Lake, UT",40.8486111,-111.9061111
"North View, UT",37.6575000,-112.8336111
"Northpoint Condominium, UT",41.1805556,-112.0244444
"Northpoint Estates Condominium, UT",40.7866667,-111.8788889
"Northridge Heights Condominium, UT",40.7755556,-111.8730556
"Northwood Estates, UT",40.6472222,-111.9661111
"Notom, UT",38.2333333,-111.1177778
"Nunns, UT",40.3361111,-111.6105556
"Nutree West, UT",40.6208333,-111.8013889
"Oak City, UT",39.3750000,-112.3347222
"Oak Creek, UT",39.6747222,-111.4336111
"Oak Creek Hills, UT",40.6055556,-111.7991667
"Oak Creek Residential Area, UT",37.2105556,-112.9863889
"Oak at Wasatch Place, UT",40.6013889,-111.7938889
"Oakcliff Park Two, UT",40.6666667,-111.8000000
"Oakcrest, UT",40.6372222,-111.8230556
"Oakdale, UT",40.6466667,-111.8402778
"Oakeson Villa, UT",40.6555556,-111.9675000
"Oakleaf, UT",40.8469444,-111.8961111
"Oakley, UT",40.7147222,-111.3000000
"Oakridge Country Club Estates, UT",40.9986111,-111.9172222
"Oakridge Farms, UT",41.0027778,-111.9222222
"Oakridge Place, UT",41.0005556,-111.9105556
"Oakridge Village, UT",41.0080556,-111.9188889
"Oakridge Village Condominium, UT",41.0041667,-111.9172222
"Oakview Estates Subdivision Number 1, UT",40.6108333,-111.8083333
"Oakview Estates Subdivision Numbers 2, UT",40.6138889,-111.7972222
"Oakwood Acres, UT",40.6466667,-111.8427778
"Oakwood Estates Subdivision, UT",40.6016667,-111.8444444
"Oakwood Park Condo, UT",40.5919444,-111.8686111
"Oasis, UT",39.2938889,-112.6275000
"Ogden, UT",41.2230556,-111.9730556
"Ogden Canyon Wildwood Estates, UT",41.2536111,-111.8686111
"Old Colony, UT",40.6611111,-111.8097222
"Old Farm Estates, UT",40.9033333,-111.8969444
"Old Irontown, UT",37.6000000,-113.4494444
"Old La Sal, UT",38.3313889,-109.1486111
"Old Limber Pine, UT",41.9200000,-111.4736111
"Old Mill Subdivision Phase 1-3, UT",41.2394444,-111.9477778
"Olivers, UT",40.4844444,-111.9225000
"Oljato, UT",37.0361111,-110.3175000
"Olmstead, UT",40.3166667,-111.6536111
"Olympus Shadows Estates, UT",40.6494444,-111.8055556
"Olympus View, UT",40.6433333,-111.8511111
"Ophir, UT",40.3694444,-112.2577778
"Oquirlane, UT",40.6983333,-112.0877778
"Oquirrh, UT",40.6305556,-112.0330556
"Oquirrh Hills Office Building Condo, UT",40.6563889,-111.9852778
"Oquirrh Hills Subdivision, UT",40.7088889,-112.0944444
"Oquirrh Hills Subdivision 2-4, UT",40.7013889,-112.0983333
"Oquirrh Hills Subdivision 5, UT",40.6980556,-112.0938889
"Oquirrh Shadows, UT",40.6325000,-112.0138889
"Oquirrh View, UT",41.1513889,-111.9252778
"Orangeville, UT",39.2272222,-111.0527778
"Orchard Corners Condominium, UT",40.8461111,-111.9000000
"Orchard Country Woods Condo, UT",40.6191667,-111.8597222
"Orchard Park Estates Subdivision Number One and Tw, UT",41.2388889,-111.9461111
"Orchard Park Subdivision Number 3-7, UT",41.2388889,-111.9425000
"Orderville, UT",37.2758333,-112.6369444
"Orem, UT",40.2969444,-111.6938889
"Orem Station, UT",40.3097222,-111.7041667
"Osiris, UT",38.0222222,-111.9608333
"Ouray, UT",40.0891667,-109.6766667
"Oxford Manor Condominium, UT",40.7708333,-111.8838889
"Palmyra, UT",40.1402778,-111.6980556
"Panguitch, UT",37.8227778,-112.4350000
"Panguitch Lake Resort, UT",37.7080556,-112.6408333
"Panorama Apartments Condominium, UT",40.7772222,-111.8900000
"Paradise, UT",41.5688889,-111.8372222
"Paradise Park, UT",40.6563889,-111.8611111
"Paragonah, UT",37.8858333,-112.7744444
"Paramount Park, UT",40.6450000,-111.9911111
"Paria, UT",37.2483333,-111.9483333
"Park City, UT",40.6461111,-111.4972222
"Park Heights, UT",40.6611111,-111.9750000
"Park Heights Condo, UT",40.6613889,-111.9750000
"Park Place, UT",40.6480556,-111.8458333
"Park Ridge Estates, UT",40.6197222,-111.8338889
"Park Valley, UT",41.8175000,-113.3283333
"Park Wood, UT",40.6411111,-112.0119444
"Parkvale, UT",41.3091667,-112.1066667
"Parkview Trailer Court, UT",40.5147222,-111.4119444
"Parkwood Estates Condominium, UT",41.2641667,-111.9763889
"Parley, UT",39.5650000,-112.1402778
"Parowan, UT",37.8422222,-112.8272222
"Partoun, UT",39.6433333,-113.8869444
"Patio Springs, UT",41.3269444,-111.8330556
"Patrick Place, UT",40.0858333,-111.4197222
"Patterson Addition Magna, UT",40.7044444,-112.1044444
"Paulsen Acres, UT",40.6458333,-111.9297222
"Payson, UT",40.0444444,-111.7313889
"Peach Tree Condominium, UT",40.8916667,-111.8800000
"Pebble Springs Estates, UT",40.6138889,-111.8525000
"Peerless, UT",39.6941667,-110.9102778
"Pehrson, UT",40.1100000,-112.3500000
"Penrose, UT",41.6508333,-112.3008333
"Peoa, UT",40.7247222,-111.3411111
"Pepperidge, UT",40.6208333,-111.8797222
"Pepperwood Condominium, UT",41.2188889,-111.9627778
"Pepperwood Terrace, UT",40.5463889,-111.8083333
"Perry, UT",41.4650000,-112.0316667
"Persimmon Tree, UT",40.6055556,-111.7916667
"Peruvian Park, UT",40.5972222,-111.8444444
"Petersboro, UT",41.7691667,-111.9808333
"Peterson, UT",41.1180556,-111.7669444
"Pheasant Hollow, UT",40.6633333,-111.8527778
"Pheasant Run Estates, UT",41.1741667,-112.0505556
"Phipps Condominium, UT",40.8930556,-111.8850000
"Phoenician Gardens, UT",40.6177778,-111.8458333
"Pickelville, UT",41.9125000,-111.3875000
"Pigeon, UT",41.3325000,-113.7986111
"Pigeon Hollow Junction, UT",39.4216667,-111.5583333
"Pine Bluffs Summer Home Area, UT",41.7688889,-111.6594444
"Pine Cove East, UT",40.6188889,-111.7952778
"Pine Lodge, UT",40.6477778,-111.6566667
"Pine Mountain, UT",40.6263889,-111.8055556
"Pine Tree, UT",40.6369444,-111.6191667
"Pine Valley, UT",37.3911111,-113.5133333
"Pine View Park, UT",41.2686111,-111.7944444
"Pine View West, UT",41.2700000,-111.8227778
"Pinecrest, UT",40.8127778,-111.7241667
"Pinegrove Estates, UT",40.5991667,-111.7961111
"Pines, UT",39.8975000,-111.5522222
"Pintura, UT",37.3408333,-113.2733333
"Pioneer Addition, UT",40.7686111,-111.7608333
"Pioneer Estates, UT",40.6561111,-111.9458333
"Pittsburg, UT",38.5052778,-112.2586111
"Plain City, UT",41.2980556,-112.0852778
"Plaza Condominiums, UT",40.4891667,-111.9561111
"Pleasant Green Acres Subdivision, UT",40.7027778,-112.0925000
"Pleasant Green Acres Subdivision 3-9, UT",40.7008333,-112.0888889
"Pleasant Grove, UT",40.3641667,-111.7377778
"Pleasant Valley Estates, UT",41.1569444,-111.9519444
"Pleasant View, UT",41.3183333,-111.9913889
"Pleasure Acres, UT",40.6230556,-111.8791667
"Plum Tree Condominium, UT",40.8536111,-111.8925000
"Plymouth, UT",41.8755556,-112.1433333
"Plymouth View, UT",40.6619444,-111.9366667
"Polaris Gardens, UT",40.6541667,-112.0222222
"Polaris Gardens Condominium, UT",40.7755556,-111.8819444
"Ponderosa Estates, UT",40.6122222,-111.8619444
"Ponderosa Hill, UT",40.6502778,-111.9647222
"Pondoray Park, UT",40.6222222,-111.8311111
"Pony Acres Estates, UT",41.1794444,-112.0600000
"Portage, UT",41.9755556,-112.2063889
"Porterville, UT",40.9813889,-111.6775000
"Powder Mountain West, UT",41.3805556,-111.7830556
"Powder Ridge Condominiums, UT",40.5913889,-111.6305556
"Prattsville, UT",38.7741667,-112.0138889
"Price, UT",39.5994444,-110.8100000
"Progress, UT",40.7277778,-112.0791667
"Property Consultants Condominium, UT",41.0813889,-111.9730556
"Prospector Hills, UT",40.6138889,-111.7875000
"Providence, UT",41.7063889,-111.8163889
"Provo, UT",40.2338889,-111.6577778
"Prowswood Plaza Condominium, UT",40.6638889,-111.8625000
"Quad, UT",40.7708333,-111.7575000
"Quail Cove, UT",40.9994444,-111.8955556
"Quail Run, UT",40.9986111,-111.8955556
"Quail Valley Subdivision Number 3, UT",40.5944444,-111.8197222
"Quailbrook East Condominium, UT",40.6694444,-111.8611111
"Quailstone, UT",40.6650000,-111.9452778
"Quigley Crossing, UT",41.8669444,-111.9802778
"R and M Acres, UT",40.6347222,-111.9319444
"Racquet Club Drive Condo, UT",40.6180556,-111.7902778
"Racquet Club Row, UT",40.6177778,-111.7911111
"Rainbow, UT",39.8438889,-109.1847222
"Rainbow City, UT",37.0622222,-110.7647222
"Raintree, UT",41.1536111,-111.9119444
"Raintree Equestrian Community Condo, UT",40.5777778,-111.8233333
"Ramanee, UT",40.6180556,-111.8861111
"Randlett, UT",40.2327778,-109.8069444
"Randolph, UT",41.6658333,-111.1813889
"Read, UT",38.5725000,-112.9841667
"Rebecca Meadows Condo, UT",40.6227778,-111.9463889
"Red Lake Village, UT",37.1972222,-109.3230556
"Red Point, UT",39.4283333,-112.0347222
"Red Wash, UT",40.1986111,-109.3086111
"Redmond, UT",39.0061111,-111.8611111
"Redwood, UT",40.7133333,-111.9383333
"Redwood Villa, UT",40.6558333,-111.9408333
"Redwood Village Condominium, UT",40.6919444,-111.9416667
"Reindeer Hills, UT",40.6197222,-111.7977778
"Relico, UT",41.2152778,-112.0091667
"Remington Place, UT",40.6763889,-111.9488889
"Reynolds, UT",40.7077778,-112.0969444
"Rich Acres, UT",41.2261111,-112.0411111
"Richfield, UT",38.7725000,-112.0833333
"Richmond, UT",41.9227778,-111.8127778
"Richton Ranchettes, UT",41.2144444,-112.0519444
"Richville, UT",41.0088889,-111.6894444
"Ridge Road, UT",40.6505556,-111.8122222
"Ridgeland Downs Condominium, UT",40.7102778,-111.9752778
"Ridgewood of Maple Hills Condominiums, UT",40.8666667,-111.8491667
"Rio, UT",39.9958333,-111.4263889
"Riter, UT",40.7519444,-112.0752778
"Rivendell Condominium, UT",40.6450000,-111.8661111
"River Heights, UT",41.7216667,-111.8205556
"River Meadow, UT",40.6655556,-111.9108333
"River View Heights, UT",40.6411111,-111.9330556
"Riverbend Trailer Park, UT",40.3763889,-111.5550000
"Riverdale, UT",41.1769444,-112.0030556
"Riverside, UT",41.7888889,-112.1480556
"Riverton, UT",40.5219444,-111.9383333
"Riverton Siding, UT",40.5266667,-111.9038889
"Riverview Acres, UT",40.6463889,-111.9063889
"Riverwood, UT",40.6125000,-111.8477778
"Riviera Condo, UT",40.6158333,-111.8236111
"Riviera Heights, UT",40.6202778,-111.8197222
"Robbe, UT",40.5611111,-112.0697222
"Robins Roost, UT",41.3000000,-111.8236111
"Robison Acres, UT",40.6647222,-111.9158333
"Rockville, UT",37.1611111,-113.0375000
"Rogers Mini Warehouse Condo, UT",40.6444444,-111.8947222
"Rolling Knolls, UT",40.6263889,-111.8305556
"Roosevelt, UT",40.2994444,-109.9880556
"Roper, UT",40.7138889,-111.9072222
"Rose Park, UT",40.7902778,-111.9230556
"Rosedale, UT",40.9422222,-111.8794444
"Rosehill, UT",41.2872222,-112.0791667
"Rosette, UT",41.8186111,-113.4122222
"Rosewood Manor Condominium, UT",41.1625000,-112.0305556
"Rowe Hills Condominium, UT",40.6000000,-111.7927778
"Rowleys Trailer Park, UT",37.8763889,-109.3416667
"Roxborough, UT",40.6730556,-111.9613889
"Roy, UT",41.1616667,-112.0255556
"Royal, UT",39.7461111,-110.8794444
"Royal Meadows, UT",40.6538889,-111.9508333
"Rozel, UT",41.5861111,-112.6458333
"Rush Valley, UT",40.3630556,-112.4497222
"Russell Park, UT",40.5927778,-111.7963889
"Sage Creek Junction, UT",41.7713889,-111.1202778
"Sage Crest Subdivision Number 4, UT",40.5786111,-111.8236111
"Sage Crest Subdivision Number 5, UT",40.5702778,-111.8541667
"Sagers, UT",38.9644444,-109.5988889
"Sahara Village, UT",41.1005556,-111.9725000
"Saint Andrews Park Condo, UT",40.6666667,-111.9911111
"Saint George, UT",37.1041667,-113.5833333
"Saint John, UT",40.3552778,-112.4522222
"Salduro, UT",40.7350000,-113.8555556
"Salem, UT",40.0530556,-111.6727778
"Salina, UT",38.9577778,-111.8591667
"Saline, UT",41.2141667,-112.4719444
"Salt Lake City, UT",40.7608333,-111.8902778
"Salt Lake View Addition, UT",40.6344444,-112.0602778
"Samak, UT",40.6175000,-111.2130556
"San Francisco Condo, UT",40.6536111,-111.9316667
"Sandra Way, UT",40.6122222,-111.8836111
"Sandy Acres, UT",40.5838889,-111.8908333
"Sandy City, UT",40.5916667,-111.8833333
"Sandy Heights South, UT",40.5650000,-111.8802778
"Sandy Highlands, UT",40.5994444,-111.8597222
"Sandy Station Original Town, UT",40.5902778,-111.8805556
"Sandy Station Place, UT",40.5877778,-111.8847222
"Santa Clara, UT",37.1330556,-113.6533333
"Santaquin, UT",39.9755556,-111.7844444
"Santio Crossing, UT",39.7377778,-109.5830556
"Saratoga Resort, UT",40.3488889,-111.9050000
"Saratoga Springs, UT",40.3491667,-111.9038889
"Scandia Village, UT",40.6041667,-111.8061111
"Scandia Village Condominium, UT",40.6041667,-111.8055556
"Scipio, UT",39.2450000,-112.1033333
"Scofield, UT",39.7241667,-111.1600000
"Scottish Heights, UT",40.5950000,-111.8016667
"Sego, UT",39.0330556,-109.7025000
"Set Point East, UT",40.6016667,-111.8205556
"Sevier, UT",38.5863889,-112.2575000
"Shadow Hills East, UT",40.6113889,-111.8566667
"Shadow Mountain, UT",40.6661111,-111.8097222
"Shadow Run Estates, UT",40.7055556,-112.0788889
"Shady Brook Estates, UT",40.6430556,-111.8127778
"Shalamar, UT",40.6408333,-111.8266667
"Shaleh Estates, UT",40.6622222,-111.8416667
"Shangrila, UT",40.6441667,-111.8277778
"Shannon Bee Estates, UT",41.3094444,-111.8561111
"Shannondoah Estates, UT",41.1719444,-112.1236111
"Sharp, UT",39.6236111,-111.8888889
"Shauntie, UT",38.3411111,-113.1658333
"Shem, UT",37.1916667,-113.7680556
"Shenendoah City, UT",38.3522222,-113.1363889
"Shepherd Creek County Estates, UT",41.0083333,-111.8986111
"Sherwood Hills, UT",40.6111111,-111.7927778
"Sherwood Hills Condo, UT",40.6119444,-111.7908333
"Sherwood Oaks Condominium, UT",41.1616667,-112.0425000
"Shivwits, UT",37.1811111,-113.7566667
"Shunesburg, UT",37.1580556,-112.9769444
"Siders Estates, UT",40.8441667,-111.8994444
"Sierra Grande, UT",40.6405556,-111.9658333
"Siesta Drive Condo, UT",40.6155556,-111.8547222
"Sigurd, UT",38.8405556,-111.9669444
"Silsbee, UT",40.7352778,-113.9269444
"Silver Acres, UT",40.6083333,-111.8833333
"Silver Bell Estates, UT",41.3011111,-111.8561111
"Silver City, UT",39.9100000,-112.1291667
"Silver Creek Junction, UT",40.7313889,-111.4972222
"Silver Fork, UT",40.6300000,-111.6097222
"Silver Lake Estates, UT",40.6027778,-111.5833333
"Silver Lake Summer Home Area, UT",40.4986111,-111.6486111
"Silver Lake Summer Resort, UT",40.6041667,-111.5805556
"Silver Reef, UT",37.2527778,-113.3669444
"Silver Shadow Estates, UT",40.5611111,-111.8691667
"Silver Springs, UT",40.7055556,-111.5444444
"Silversmith Estates, UT",40.5488889,-111.8583333
"Sixmile Point, UT",38.7716667,-112.5197222
"Ski View Estates, UT",40.5738889,-111.8402778
"Ski/Lake Village Condominium, UT",41.2508333,-111.7916667
"Sky View, UT",39.9508333,-111.2144444
"Skyline Manor, UT",40.6191667,-111.8472222
"Skyview, UT",40.6405556,-111.9880556
"Sleepy Hollow Two, UT",40.6666667,-111.8100000
"Smithfield, UT",41.8383333,-111.8319444
"Smoot Farm Estates, UT",40.9408333,-111.8813889
"Smyths, UT",38.5638889,-112.9902778
"Snow, UT",40.2897222,-111.6947222
"Snowbird Lodge, UT",40.5819444,-111.6544444
"Snowville, UT",41.9655556,-112.7088889
"Snyder, UT",40.5319444,-112.0800000
"Snyderville, UT",40.6944444,-111.5430556
"Soapstone Summer Home Area, UT",40.5747222,-111.0505556
"Soffe, UT",40.6122222,-111.8811111
"Soldier Crossing, UT",37.6827778,-110.2169444
"Soldier Summit, UT",39.9286111,-111.0772222
"Solitude, UT",40.6211111,-111.5925000
"Solitude Condominium, UT",41.2377778,-111.9494444
"Soma, UT",39.5858333,-112.1611111
"Somerset Estates Place, UT",40.6191667,-111.8286111
"Somerset Farm, UT",41.0102778,-111.9027778
"Somerset Garden Condominium, UT",40.7697222,-111.8538889
"Somerset Place Condominium, UT",41.0191667,-111.9100000
"Sommerset Hollow, UT",41.0133333,-111.9069444
"Sommerset South Place, UT",40.6175000,-111.8286111
"Sorensen, UT",40.6205556,-111.8458333
"South Bridge Plat A, UT",40.5869444,-111.8347222
"South Cottonwood Acres, UT",40.6472222,-111.8583333
"South Fork Ranchettes, UT",41.2583333,-111.7097222
"South Hill Crest, UT",40.6147222,-111.8694444
"South Jordan, UT",40.5622222,-111.9288889
"South Ogden, UT",41.1919444,-111.9705556
"South Salt Lake, UT",40.7188889,-111.8875000
"South Valley View, UT",40.8458333,-111.8938889
"South Weber, UT",41.1325000,-111.9294444
"South Willard, UT",41.3633333,-112.0350000
"Southampton, UT",40.6075000,-111.7972222
"Southern Trailer Park, UT",37.1100000,-113.5925000
"Southridge, UT",40.6616667,-111.9811111
"Southridge Subdivision 1, UT",41.1683333,-111.9750000
"Southridge Subdivision 2, UT",41.1683333,-111.9750000
"Southridge Subdivision 3, UT",41.1683333,-111.9750000
"Southridge Subdivision 4, UT",41.1683333,-111.9750000
"Southridge Subdivision 5, UT",41.1683333,-111.9750000
"Southridge Subdivision 6, UT",41.1683333,-111.9750000
"Spanish Fork, UT",40.1150000,-111.6541667
"Spanish Valley, UT",38.4933333,-109.4577778
"Spearmint, UT",39.1116667,-111.8030556
"Spencers Annex, UT",40.7080556,-112.1000000
"Spring Circle, UT",40.5722222,-111.8541667
"Spring City, UT",39.4825000,-111.4952778
"Spring Glen, UT",39.6594444,-110.8527778
"Spring Hill Condominium, UT",40.6566667,-111.8719444
"Spring Lake, UT",40.0011111,-111.7455556
"Spring Lane Condominium, UT",40.6558333,-111.8472222
"Spring Mountain Ranchettes, UT",41.3222222,-111.8805556
"Spring Run, UT",40.6611111,-111.8480556
"Spring Valley, UT",40.6702778,-111.9500000
"Springdale, UT",37.1888889,-112.9977778
"Springdell, UT",40.3280556,-111.6236111
"Springtree Condominium, UT",40.6508333,-111.8741667
"Springville, UT",40.1652778,-111.6100000
"Spry, UT",38.0216667,-112.3633333
"Spurlock, UT",41.2672222,-111.8269444
"Squaw Crossing, UT",39.9688889,-109.6686111
"St. Benedict Manor Condominiums, UT",41.2097222,-111.9377778
"Standardville, UT",39.7000000,-110.9327778
"Standia, UT",40.6455556,-111.8380556
"Standrod, UT",41.9938889,-113.4183333
"Stansbury park, UT",40.6377778,-112.2952778
"Starr, UT",39.8683333,-111.8544444
"Steadman Estates - Numbers 2-5, UT",40.6327778,-111.9536111
"Steffensen Heights, UT",40.6116667,-111.8122222
"Stephanie Estates, UT",40.6944444,-112.0661111
"Sterling, UT",39.1936111,-111.6916667
"Stevenson Island, UT",40.6408333,-111.8938889
"Stockton, UT",40.4527778,-112.3600000
"Stoddard, UT",41.0669444,-111.7105556
"Stone Hollow Condo, UT",40.6563889,-111.9775000
"Stone Hollow Condominium, UT",40.6894444,-111.9466667
"Stonebridge Condo, UT",40.5705556,-111.7777778
"Stones Orchard Addition, UT",41.2391667,-111.9597222
"Storm Mountain Terrace, UT",40.5450000,-111.8680556
"Storrs, UT",39.7038889,-110.9188889
"Strong, UT",39.4347222,-112.4691667
"Success Estates, UT",40.5477778,-111.8458333
"Sugar House, UT",40.7258333,-111.8644444
"Sugarplum Condominiums, UT",40.5855556,-111.6516667
"Sugarville, UT",39.4652778,-112.6486111
"Sulphurdale, UT",38.5602778,-112.5811111
"Summer Garden Townhouse Condominium, UT",40.8630556,-111.8925000
"Summer Oaks, UT",40.6061111,-111.7930556
"Summer Oaks Twin Homes, UT",40.6058333,-111.8472222
"Summer Wood, UT",41.0125000,-111.9041667
"Summerwood, UT",40.6352778,-111.9516667
"Summerwood Estates, UT",40.6491667,-111.9441667
"Summit, UT",37.8011111,-112.9355556
"Summit Park, UT",40.7458333,-111.6108333
"Sunburst Circle, UT",40.6233333,-111.8133333
"Sunburst Meadows, UT",40.6000000,-111.8755556
"Suncrest, UT",40.6472222,-112.0255556
"Sundown Condominiums at Powder Mountain, UT",41.3777778,-111.7838889
"Sundowner Condominium, UT",41.1027778,-111.9986111
"Sunnydale, UT",39.5333333,-110.4000000
"Sunnyside, UT",39.5513889,-110.3872222
"Sunnyside Junction, UT",39.5255556,-110.5722222
"Sunridge Highlands, UT",41.3958333,-111.6638889
"Sunrise Hills, UT",40.6255556,-111.8180556
"Sunset, UT",41.1363889,-112.0302778
"Sunset Downs, UT",40.6558333,-112.0152778
"Sunset View Estates, UT",40.9372222,-111.8805556
"Sunstone, UT",40.6697222,-111.9083333
"Sutherland, UT",39.3888889,-112.6327778
"Sutro, UT",40.0919444,-111.5963889
"Sutton, UT",40.5916667,-111.7944444
"Sutton Estates, UT",40.7055556,-112.0769444
"Swan Creek Estates, UT",41.1775000,-112.1083333
"Syracuse, UT",41.0894444,-112.0638889
"Tabiona, UT",40.3547222,-110.7127778
"Tad Park, UT",40.5000000,-112.3383333
"Taggarts, UT",41.0597222,-111.5911111
"Tall Oaks, UT",40.6386111,-111.8386111
"Talmage, UT",40.3400000,-110.4266667
"Tamlee Village, UT",40.6111111,-111.8783333
"Tanglewood Subdivision Number 3, UT",40.6327778,-111.8522222
"Tanner Lane Condo, UT",40.6338889,-111.8402778
"Tara Condominium, UT",40.7752778,-111.8925000
"Tara Estates, UT",40.6236111,-111.8680556
"Taylor, UT",41.2272222,-112.0827778
"Taylor Lane, UT",40.6563889,-111.9613889
"Taylorsville, UT",40.6677778,-111.9380556
"Taylorsville Cove, UT",40.6644444,-111.9705556
"Taylorsville Gardens, UT",40.6791667,-111.9436111
"Teasdale, UT",38.2861111,-111.4766667
"Terminal, UT",40.7558333,-112.0086111
"Terra, UT",40.3213889,-112.6258333
"Terrace Falls Condominium, UT",40.7730556,-111.9172222
"Terraces Mount Olympus Condominium, UT",40.6652778,-111.8083333
"Terrell, UT",40.6219444,-111.8875000
"Thatcher, UT",41.6938889,-112.2933333
"Thaxton Acres, UT",40.5472222,-111.9597222
"The Avenues Condominium, UT",40.7744444,-111.8725000
"The Avenues Hertiage Condominium, UT",40.7722222,-111.8705556
"The Capitol Building Condominium, UT",41.2200000,-111.9430556
"The Cliff Lodge, UT",40.5827778,-111.6563889
"The Cobbles Condominium, UT",41.2444444,-111.8936111
"The Cottonwood Condominium, UT",40.6569444,-111.8386111
"The Cottonwoods Condominium, UT",40.6577778,-111.8350000
"The Courtyard Condominium, UT",40.8911111,-111.8852778
"The Cove at Hidden Valley, UT",40.5358333,-111.8197222
"The Downs, UT",40.6097222,-111.8441667
"The Groves, UT",40.8183333,-111.7252778
"The Heights Condominium, UT",41.2102778,-111.9319444
"The Hermitage, UT",41.2533333,-111.8755556
"The Hills Subdivisions, UT",40.9038889,-111.8652778
"The Hillsite Addition, UT",41.1711111,-112.0236111
"The Horse Store, UT",40.5527778,-111.9383333
"The Maryland Condominium, UT",40.7697222,-111.8658333
"The Meadows Condominium, UT",41.1605556,-111.9347222
"The Meadows East PRUD, UT",41.1611111,-111.9327778
"The Meadows PRUD, UT",41.1602778,-111.9330556
"The Oaks at Mutton Hollow, UT",41.0597222,-111.9175000
"The Terraces Condominium, UT",40.7308333,-111.8916667
"The Terraces of Rose Park Condominium, UT",40.7841667,-111.9255556
"The Villa Granade Condominium, UT",40.7755556,-111.8930556
"The Willowbrook Condominium, UT",40.6544444,-111.8755556
"The Wilshire Condo, UT",40.7597222,-111.8622222
"The Woodlands Business Park, UT",40.6847222,-111.8694444
"Thermo, UT",38.2144444,-113.1708333
"Third and M Townhouse Condominium, UT",40.7730556,-111.8644444
"Thistle, UT",39.9913889,-111.4975000
"Thomas Estates, UT",40.6625000,-111.9555556
"Thomas Gardens, UT",40.7027778,-112.0947222
"Thompson Springs, UT",38.9711111,-109.7130556
"Thompsonville, UT",38.4169444,-112.2158333
"Three Forks, UT",37.9913889,-110.4944444
"Three Fountains Bountiful Condominium, UT",40.8822222,-111.8736111
"Three Fountains East Condominium, UT",40.6277778,-111.8625000
"Three Fountains Manor House Condominium, UT",40.6638889,-111.8702778
"Three Fountains North Ogden Condominium, UT",41.3033333,-111.9694444
"Three Fountains Townhomes and Manor Houses, UT",40.6622222,-111.8666667
"Three Fountains Young American Family Condominium, UT",40.6616667,-111.8691667
"Three Pines, UT",39.4194444,-109.3997222
"Ticaboo, UT",37.6750000,-110.6958333
"Tidewater Village Condominium, UT",40.6655556,-111.8527778
"Timber Lakes, UT",40.4733333,-111.2469444
"Timp View Plat A, UT",40.5180556,-111.9480556
"Timpie, UT",40.7475000,-112.6558333
"Tintic Junction, UT",39.9272222,-112.1600000
"Tooele, UT",40.5308333,-112.2975000
"Top of the World, UT",40.5994444,-111.7916667
"Topliff, UT",40.1561111,-112.2119444
"Toquerville, UT",37.2533333,-113.2838889
"Torrey, UT",38.2988889,-111.4183333
"Tortoise and Hare Trailer Court, UT",37.2933333,-112.6163889
"Tower Hill Condominium, UT",40.7763889,-111.8830556
"Towncrest Terrace, UT",40.6225000,-111.8277778
"Towne and Country Village, UT",40.6111111,-111.8069444
"Townhouse Condominium, UT",41.0622222,-111.9569444
"Townsend, UT",39.9927778,-111.8277778
"Transwest Hollow, UT",40.6638889,-111.9661111
"Tree Farm Estates, UT",40.5994444,-111.7994444
"Tremonton, UT",41.7119444,-112.1647222
"Trenton, UT",41.9177778,-111.9416667
"Tresend, UT",41.2208333,-112.7597222
"Trevi Towers Condominium, UT",40.7747222,-111.8925000
"Tri-S Village Estates, UT",41.1736111,-112.1069444
"Tridell, UT",40.4536111,-109.8491667
"Tropic, UT",37.6252778,-112.0813889
"Trout Creek, UT",39.6894444,-113.8277778
"Tselakai Dezza, UT",37.2030556,-109.6058333
"Tucker, UT",39.9344444,-111.1986111
"Tullis Addition, UT",41.1600000,-112.0377778
"Turley, UT",40.7083333,-111.9902778
"Turramurra Lodge Condominiums, UT",40.5777778,-111.6722222
"Twenty-seventh Street Condo, UT",40.6597222,-111.9561111
"Twin Peaks Circle, UT",40.6547222,-111.8619444
"Twin Peaks Condominium, UT",40.6083333,-111.7991667
"Twins of Arden, UT",40.6563889,-112.0216667
"Two Pines Condominium, UT",40.6875000,-111.9305556
"Tyler, UT",40.6513889,-111.8516667
"Ucolo, UT",37.8608333,-109.0641667
"Uintah, UT",41.1441667,-111.9225000
"Uintah Highlands, UT",41.1561111,-111.9269444
"Uintah Junction, UT",41.1397222,-111.9141667
"Uisco, UT",39.5652778,-112.2000000
"Union, UT",40.6205556,-111.8713889
"Union Plat, UT",40.6197222,-111.8597222
"Union View, UT",40.6177778,-111.8466667
"Unionwood Place, UT",40.6102778,-111.8783333
"University Village, UT",40.7527778,-111.8338889
"Upalco, UT",40.2780556,-110.2175000
"Upper Kimberly, UT",38.4855556,-112.3963889
"Upper Sunnyside, UT",39.5666667,-110.3722222
"Upton, UT",40.9636111,-111.2347222
"Utah Labor Center Condominium, UT",40.7213889,-111.9375000
"Utahn, UT",40.2711111,-110.4313889
"Utida, UT",41.9991667,-111.9744444
"Utley, UT",40.6347222,-111.6100000
"Uvada, UT",37.7177778,-114.0441667
"Val Verda, UT",40.8555556,-111.8922222
"Val Verda Condominium, UT",40.8588889,-111.8927778
"Val Vista, UT",40.8575000,-111.8833333
"Valaire, UT",40.6333333,-111.9311111
"Valencia, UT",40.9077778,-111.9027778
"Valle Grande Condominium, UT",41.2408333,-111.9505556
"Valle Grande East Condominium, UT",41.2394444,-111.9488889
"Valley Crest Estates, UT",40.6027778,-111.8763889
"Valley Fair Estates, UT",40.6505556,-111.8611111
"Valley Green Estates, UT",41.2175000,-112.0777778
"Valley Heights Twin Home Condo, UT",40.6605556,-111.9758333
"Valley Lake Estates, UT",41.2477778,-111.7850000
"Valley Park, UT",40.6511111,-111.9486111
"Valley Terrace Condominium, UT",41.2333333,-111.9452778
"Valley View Park, UT",40.6505556,-112.0169444
"Valley View Trailer Park, UT",37.1241667,-113.5355556
"Van, UT",39.2305556,-112.6677778
"Van Dyke and Willey Condominium, UT",40.8955556,-111.8905556
"Van Ross Estates, UT",40.5483333,-111.9550000
"Vega Park, UT",40.7000000,-112.0755556
"Velasquez, UT",40.6930556,-111.8969444
"Velbar, UT",40.6680556,-111.9508333
"Venice, UT",38.8002778,-112.0055556
"Venier, UT",40.6188889,-111.8411111
"Verdure, UT",37.7858333,-109.3480556
"Vermillion, UT",38.8608333,-111.9644444
"Vern G Taylor, UT",41.1922222,-112.1222222
"Vernal, UT",40.4555556,-109.5280556
"Vernon, UT",40.0922222,-112.4327778
"Veyo, UT",37.3380556,-113.6922222
"Victor, UT",39.4013889,-110.7147222
"Victoria Meadow Condo, UT",40.6127778,-111.8175000
"Victorian Condominium, UT",40.7733333,-111.8688889
"View Condominiums, UT",40.5833333,-111.6486111
"Viewcrest Park, UT",40.6166667,-111.8388889
"Viewmont Circle, UT",40.6613889,-111.8225000
"Viewmont Condominium, UT",40.6633333,-111.8288889
"Viking Estates, UT",40.5194444,-111.9633333
"Villa Montaige Condominium, UT",40.7602778,-111.9302778
"Villa Nova Condominium, UT",40.8697222,-111.8866667
"Village Three Condominium, UT",40.6422222,-111.8472222
"Village Two Condo, UT",40.6808333,-111.9544444
"Vine Street East Condominium, UT",40.6388889,-111.8597222
"Vineyard, UT",40.3000000,-111.7327778
"Vineyard Condominium, UT",40.8491667,-111.9005556
"Virgin, UT",37.2083333,-113.1875000
"Virgin Territory Trailer Park, UT",37.2077778,-113.2711111
"Virginia Square Condo, UT",40.6230556,-111.8263889
"Vista, UT",38.9638889,-109.6766667
"Vista Plat, UT",40.5850000,-111.9777778
"Vista Ventes, UT",40.6244444,-111.8441667
"Vivian Park, UT",40.3550000,-111.5733333
"Wagon Wheel Trailer Park, UT",40.1597222,-111.6097222
"Wahsatch, UT",41.1991667,-111.1122222
"Wales, UT",39.4869444,-111.6344444
"Wall Street Condominium, UT",40.7841667,-111.8938889
"Wallace, UT",41.2172222,-111.9461111
"Wallace Heights, UT",40.5791667,-111.8958333
"Wallace Lane Condominium, UT",40.6658333,-111.8052778
"Wallsburg, UT",40.3877778,-111.4216667
"Walnut Grove, UT",40.6133333,-111.8125000
"Walnut Hills, UT",40.6408333,-112.0300000
"Wanda Kay Estates, UT",40.6194444,-111.8838889
"Wander Village, UT",40.6647222,-111.8108333
"Wanship, UT",40.8119444,-111.4066667
"Ware, UT",40.5988889,-111.8547222
"Warranty, UT",40.6411111,-111.8397222
"Warren, UT",41.2836111,-112.1213889
"Wasatch Oaks Condominium, UT",40.6000000,-111.7938889
"Wasatch Resort, UT",40.5702778,-111.7602778
"Wasatch Village, UT",40.6388889,-111.8572222
"Wasatch Village Two and Three, UT",40.6377778,-111.8550000
"Washakie, UT",41.9441667,-112.2163889
"Washington, UT",37.1305556,-113.5075000
"Washington Terrace, UT",41.1727778,-111.9758333
"Washington Terrace Parcel H, UT",41.1708333,-111.9886111
"Watchman Residential Area, UT",37.2033333,-112.9791667
"Watchwood, UT",40.6797222,-111.9500000
"Waterbury Condominium, UT",40.6466667,-111.8475000
"Watson, UT",39.8819444,-109.1577778
"Wattis, UT",39.5302778,-111.0163889
"Wattis Junction, UT",39.5341667,-110.9927778
"Wayland Station at Old Farm Condo, UT",40.6841667,-111.8716667
"Waymark, UT",40.6958333,-111.8138889
"Webb and Palmers Addition, UT",40.7411111,-111.8833333
"Weber Club A Condominium, UT",41.2208333,-111.9513889
"Wedgewood Willows Condo, UT",40.6950000,-111.8833333
"Welby, UT",40.5880556,-111.9905556
"Wellington, UT",39.5425000,-110.7347222
"Wells, UT",40.6913889,-111.8150000
"Wellsville, UT",41.6386111,-111.9330556
"Wenco Condominium, UT",40.7352778,-111.9202778
"Wendell Circle, UT",40.6930556,-111.8786111
"Wendell Way, UT",40.6925000,-111.8777778
"Wendover, UT",40.7372222,-114.0366667
"West Bountiful, UT",40.8938889,-111.9011111
"West Ephraim, UT",39.3755556,-111.5883333
"West Haven, UT",41.2030556,-112.0502778
"West Hills, UT",40.6472222,-112.0252778
"West Jordan, UT",40.6097222,-111.9383333
"West Kaysville, UT",41.0388889,-111.9716667
"West Layton, UT",41.0602778,-111.9980556
"West Mercur, UT",40.3147222,-112.2775000
"West Mountain, UT",40.0608333,-111.7875000
"West Ogden, UT",41.2230556,-111.9905556
"West Point, UT",41.1183333,-112.0833333
"West Portal, UT",40.1611111,-111.2497222
"West Side Estates, UT",41.2452778,-112.1044444
"West Valley City, UT",40.6916667,-112.0002778
"West Warren, UT",41.2502778,-112.1516667
"West Weber, UT",41.2488889,-112.0775000
"West Woods Mobile Homes PUD, UT",40.8827778,-111.9163889
"Westbrook, UT",40.6375000,-111.9694444
"Westcove, UT",40.6713889,-111.9644444
"Western Sun, UT",40.7019444,-112.0694444
"Westerner Trailer Park, UT",37.8625000,-109.3416667
"Westglen Village Condominium, UT",40.6925000,-111.9463889
"Westmond Condominium, UT",41.1116667,-112.0533333
"Westview Terrace, UT",40.6522222,-112.0155556
"Westwater, UT",39.0783333,-109.1116667
"Westwood, UT",40.6480556,-111.9827778
"Westwood Manor Plat One, UT",41.3277778,-111.9966667
"Westwood Manor Plat Two, UT",41.3233333,-111.9994444
"Wheadon Acres, UT",40.5605556,-111.9622222
"Wheatgrass, UT",37.9719444,-112.7927778
"Wheelon, UT",41.8291667,-112.0552778
"Whipup, UT",38.6916667,-111.3933333
"Whitaker Estates, UT",40.6600000,-111.9497222
"White Barn Country Club, UT",41.3125000,-111.9852778
"White Canyon, UT",37.8100000,-110.4313889
"White Circle, UT",40.7072222,-111.8311111
"White City, UT",40.5658333,-111.8636111
"White City Subdivision Number 1, UT",40.5730556,-111.8652778
"White City Subdivision Number 2, UT",40.5625000,-111.8644444
"White Horse Village, UT",41.8636111,-111.7730556
"White Mesa, UT",37.4658333,-109.4669444
"White Mesa Village, UT",37.1336111,-109.2813889
"White Rock Curve Village, UT",37.2113889,-109.2922222
"Whiterocks, UT",40.4680556,-109.9300000
"Whites Crossing, UT",40.9497222,-111.6569444
"Whites Way, UT",40.7052778,-112.0722222
"Whitewood Estates, UT",40.6500000,-111.9769444
"Wicks, UT",40.3288889,-111.6366667
"Widtsoe, UT",37.8322222,-111.9947222
"Widtsoe Junction, UT",37.8311111,-112.0019444
"Wildcat, UT",39.6508333,-110.9183333
"Wildwood, UT",40.6469444,-111.8297222
"Willard, UT",41.4091667,-112.0352778
"Williams, UT",41.1533333,-111.9105556
"Williamsburg Park Condo, UT",40.6000000,-111.8736111
"Willow Bay, UT",40.6519444,-111.9722222
"Willow Bay Numbers 3 and 4, UT",40.6477778,-111.9722222
"Willow Creek, UT",40.6011111,-111.8138889
"Willow Creek Estates, UT",40.5927778,-111.8138889
"Willow Creek Hill, UT",40.5963889,-111.7977778
"Willow Creek Hills, UT",40.5905556,-111.8183333
"Willow Creek Meadows, UT",40.5858333,-111.8291667
"Willow Creek View, UT",40.6069444,-111.7994444
"Willow Hill, UT",40.6186111,-111.8441667
"Willow Run Park, UT",40.6655556,-111.9769444
"Willow View Estates, UT",40.5922222,-111.9347222
"Willow Wick Estates, UT",40.5897222,-111.8138889
"Willow Wood, UT",41.2216667,-112.0716667
"Willowbrook Estates, UT",40.5052778,-111.8602778
"Willowcreek, UT",40.5891667,-111.8097222
"Willowcreek East, UT",40.6055556,-111.8100000
"Willowcreek Oaks, UT",40.6066667,-111.8055556
"Willowcrest, UT",40.6075000,-111.8011111
"Willows Condominium, UT",40.6536111,-111.8755556
"Wilshire Condominium, UT",41.1566667,-111.9350000
"Wilson, UT",41.2291667,-112.0244444
"Win Del, UT",40.6775000,-111.8491667
"Windwood Estates, UT",40.6369444,-111.9563889
"Wing, UT",40.3538889,-111.7844444
"Winslow Park, UT",40.6944444,-111.8833333
"Winter Quarters, UT",39.7205556,-111.1869444
"Wolf Creek, UT",41.3333333,-111.8263889
"Wolf Creek Village, UT",41.3277778,-111.8247222
"Wolf Lodge Condominium, UT",41.3247222,-111.8297222
"Wolf Star, UT",41.3308333,-111.8219444
"Wood Creek Glen Condominium, UT",40.6808333,-111.8769444
"Wood Hill, UT",39.6111111,-110.8116667
"Wood Hollow Condo, UT",40.7200000,-111.8580556
"Wood Hollow Ranchettes, UT",40.4738889,-111.9438889
"Woodbridge Condominium, UT",40.6644444,-111.8430556
"Woodcreek Condo, UT",40.6861111,-111.8755556
"Woodcreek Glen Condo, UT",40.6852778,-111.8755556
"Woodhaven Village, UT",40.6608333,-111.9305556
"Woodhaven Village Number 5, UT",40.6702778,-111.9319444
"Woodland, UT",40.5813889,-111.2263889
"Woodland Estates, UT",41.1566667,-111.9125000
"Woodland Estates East, UT",40.6400000,-111.9363889
"Woodland Hills, UT",40.0130556,-111.6752778
"Woodland Hills One, UT",41.1563889,-111.9155556
"Woodland Hills Two, UT",41.1588889,-111.9200000
"Woodridge, UT",40.6361111,-111.8550000
"Woodridge Country Estates, UT",40.5683333,-111.8691667
"Woodridge Terrace, UT",40.7008333,-111.7916667
"Woodridge Twin Homes, UT",41.0013889,-111.9027778
"Woodruff, UT",41.5219444,-111.1616667
"Woods Cross, UT",40.8716667,-111.8913889
"Woodside, UT",39.2655556,-110.3480556
"Woodside Heights, UT",40.6836111,-111.8377778
"Woodstock, UT",40.6411111,-111.8555556
"Woodstock Village, UT",40.6383333,-111.8513889
"Woodview Estates, UT",40.6436111,-112.0400000
"Woodview Heights, UT",40.6458333,-112.0391667
"Wren Circle Condominium, UT",40.6647222,-111.8186111
"Wren Hollow, UT",40.6641667,-111.8180556
"Wren Lane East, UT",40.6366667,-111.8208333
"Wren Lane West, UT",40.6358333,-111.8208333
"Wright Subdivision 1-5, UT",40.6911111,-111.9525000
"Wright Subdivision 11, UT",40.6830556,-111.9591667
"Wright Subdivision 6, UT",40.6880556,-111.9550000
"Xanadu, UT",40.6672222,-111.9111111
"Yale Crossing, UT",37.8650000,-113.7480556
"Yellow Banks, UT",38.4250000,-112.9877778
"Yorkshire Meadows Condominium, UT",41.1602778,-111.9363889
"Yost, UT",41.9608333,-113.5413889
"Young Haven Circle, UT",40.7011111,-111.8216667
"Yuma View, UT",40.7111111,-111.8327778
"Zane, UT",37.9252778,-113.5825000
"Zion Lodge, UT",37.2508333,-112.9555556
"Zion Summit Condominium, UT",40.7738889,-111.8913889
"Zions Park, UT",40.7083333,-111.8416667
